-- phpMyAdmin SQL Dump
-- version 4.8.2
-- https://www.phpmyadmin.net/
--
-- Host: 127.0.0.1
-- Generation Time: May 10, 2020 at 06:43 PM
-- Server version: 10.1.34-MariaDB
-- PHP Version: 7.2.7

SET SQL_MODE = "NO_AUTO_VALUE_ON_ZERO";
SET AUTOCOMMIT = 0;
START TRANSACTION;
SET time_zone = "+00:00";


/*!40101 SET @OLD_CHARACTER_SET_CLIENT=@@CHARACTER_SET_CLIENT */;
/*!40101 SET @OLD_CHARACTER_SET_RESULTS=@@CHARACTER_SET_RESULTS */;
/*!40101 SET @OLD_COLLATION_CONNECTION=@@COLLATION_CONNECTION */;
/*!40101 SET NAMES utf8mb4 */;

--
-- Database: `ngekos`
--

-- --------------------------------------------------------

--
-- Table structure for table `fasilitas`
--

CREATE TABLE `fasilitas` (
  `id_kos` varchar(255) NOT NULL,
  `free_wifi` tinyint(1) DEFAULT NULL,
  `alat_dapur` tinyint(1) DEFAULT NULL,
  `kamar_mandi` tinyint(1) DEFAULT NULL,
  `parkir_motor` tinyint(1) DEFAULT NULL,
  `fasilitas_olahraga` tinyint(1) DEFAULT NULL,
  `cctv` tinyint(1) DEFAULT NULL,
  `tv` tinyint(1) DEFAULT NULL,
  `pembantu` tinyint(1) DEFAULT NULL,
  `ruang_musholla` tinyint(1) DEFAULT NULL,
  `kasur` tinyint(1) DEFAULT NULL,
  `lemari` tinyint(1) DEFAULT NULL,
  `wastafel` tinyint(1) DEFAULT NULL,
  `created_at` timestamp NULL DEFAULT NULL,
  `updated_at` timestamp NULL DEFAULT NULL
) ENGINE=InnoDB DEFAULT CHARSET=latin1;

--
-- Dumping data for table `fasilitas`
--

INSERT INTO `fasilitas` (`id_kos`, `free_wifi`, `alat_dapur`, `kamar_mandi`, `parkir_motor`, `fasilitas_olahraga`, `cctv`, `tv`, `pembantu`, `ruang_musholla`, `kasur`, `lemari`, `wastafel`, `created_at`, `updated_at`) VALUES
('dd2d83cf56d5e2e7f68522139dbce6ee', 1, 1, 1, 0, 0, 0, 0, 0, 1, 0, 0, 0, '2020-05-01 14:21:53', '2020-05-01 14:22:21'),
('6b737f3b6199d8824b8d5814618d2ad8', 0, 0, 1, 0, 0, 0, 1, 1, 1, 1, 0, 0, '2020-05-01 14:23:10', '2020-05-01 14:43:33'),
('0ca3a009c52b64d578439dc3eafc1db9', 0, 0, 1, 1, 0, 0, 0, 0, 1, 0, 0, 0, '2020-05-01 14:57:39', '2020-05-01 14:57:49'),
('184e9b0ddecc113bd0ef8f8f9604a353', 0, 0, 0, 0, 0, 0, 0, 1, 1, 0, 0, 0, '2020-05-01 14:58:05', '2020-05-01 14:58:29'),
('23c22d248bdec3cc1663a3023a5e90a5', 1, 1, 1, 0, 1, 1, 1, 0, 1, 1, 1, 1, '2020-05-01 14:58:47', '2020-05-02 08:03:03'),
('05051b93df47b1a57eafcd74ad04ef99', 0, 1, 1, 0, 0, 0, 0, 1, 1, 1, 0, 0, '2020-05-02 06:54:33', '2020-05-02 07:53:19');

-- --------------------------------------------------------

--
-- Table structure for table `kos`
--

CREATE TABLE `kos` (
  `id` varchar(255) NOT NULL,
  `id_pemilik` varchar(255) NOT NULL,
  `alamat` text NOT NULL,
  `lat` varchar(255) DEFAULT NULL,
  `lng` varchar(255) DEFAULT NULL,
  `judul` varchar(50) NOT NULL,
  `luas` int(5) NOT NULL,
  `harga` int(11) NOT NULL,
  `pintu` int(11) NOT NULL,
  `keterangan` text,
  `created_at` timestamp NULL DEFAULT NULL,
  `updated_at` timestamp NULL DEFAULT NULL
) ENGINE=InnoDB DEFAULT CHARSET=latin1;

--
-- Dumping data for table `kos`
--

INSERT INTO `kos` (`id`, `id_pemilik`, `alamat`, `lat`, `lng`, `judul`, `luas`, `harga`, `pintu`, `keterangan`, `created_at`, `updated_at`) VALUES
('05051b93df47b1a57eafcd74ad04ef99', '9793ad5957afa26e2ccead062a41b4d2', 'Jln. Cemara No. 677, Palembang 14314, MalUt', '-6.169905253038752', '106.82440210116597', 'Rumah Vero perspiciatis.', 16, 1320000, 7, 'Dolor in in error ipsum ducimus maxime atque ea. Consequatur eos dignissimos vel iusto. Non nam doloremque magnam. At voluptatibus quia eos asperiores neque. Ratione rerum est dolorem laborum sint aut officia. Ut totam autem eos facilis ipsam odio doloremque beatae. Quo at sint rerum soluta ipsam eveniet ad consectetur. Consequatur laboriosam hic in repudiandae reiciendis nobis nihil. Enim totam ab hic. Est nisi soluta aut quo quo est autem modi. Totam autem voluptatum voluptatem. Aut et possimus esse iste doloribus. Rem dolorem cumque incidunt nobis ducimus quo. Nam dolorem natus expedita sequi iusto. Earum ipsa delectus qui quasi excepturi in.', '2020-04-19 10:16:00', '2020-05-02 07:53:19'),
('066a2f5a7b9b00065f5a89b2228ff1eb', '9793ad5957afa26e2ccead062a41b4d2', 'Kpg. Ahmad Dahlan No. 731, Denpasar 25777, MalUt', '-6.169905253038752', '106.82440210116597', 'Sewa Cupiditate dolore.', 23, 1570000, 7, 'Voluptatem aliquid asperiores ut molestias modi tempora laudantium. Cupiditate iure officia voluptatem deleniti. Quae laudantium consequatur necessitatibus nostrum ducimus architecto vel. Commodi dolor assumenda iure aliquam dignissimos. Eligendi dolorem dolor quaerat veniam illo maiores necessitatibus. Doloremque hic voluptas et autem ipsam doloremque. Quod laudantium voluptas aut optio. Iste similique eos qui in sit. Eum qui ratione eum ex ad quo. Laborum quia quidem deleniti ut qui minima voluptas. Vero deleniti animi eos sit et. Asperiores harum temporibus est rem. Distinctio nostrum in quo consequatur facilis quo autem. Incidunt facilis sit aut minus totam quia sequi. Ut recusandae ad nesciunt ad.', '2020-04-19 10:16:00', '2020-04-19 10:16:00'),
('08e50091da68ac488c11d5e7156f4398', '9793ad5957afa26e2ccead062a41b4d2', 'Dk. Kartini No. 724, Subulussalam 88533, KalTim', '-6.169905253038752', '106.82440210116597', 'Saung Non rerum.', 11, 1790000, 8, 'Aspernatur laborum consequatur corporis adipisci reiciendis illo quos consectetur. Quos quo voluptatum molestias. Occaecati sint voluptas deleniti a accusamus et laboriosam ipsa. Eum ipsam quam voluptate beatae ea fuga hic. Autem magni dolores nesciunt omnis minima nemo. Aut dolore quia blanditiis vero voluptas voluptas natus nostrum. Quisquam assumenda accusamus est quod quas eius. Dolorem totam quo placeat repellat ad. Ut adipisci voluptates ad sint. Unde alias quia voluptatem sunt. Voluptatem quae quis nostrum sunt. Ut est ut incidunt facilis id culpa. Nisi velit non magni necessitatibus dolorem earum voluptas dignissimos. Aut sunt vitae sapiente qui in quaerat tempore eaque.', '2020-04-19 10:16:00', '2020-04-19 10:16:00'),
('0ca3a009c52b64d578439dc3eafc1db9', '9793ad5957afa26e2ccead062a41b4d2', 'Jr. Yosodipuro No. 18, Administrasi Jakarta Selatan 68346, SumBar', '-6.169905253038752', '106.82440210116597', 'Home stay Qui alias.', 24, 1950000, 7, 'Consequatur distinctio molestiae necessitatibus consequatur quae ipsum. Magnam sed qui ea quibusdam sit dolor. Itaque iure nihil ut enim et ea ab. Ipsum quia est aspernatur ducimus. Laboriosam non voluptates tenetur harum. Molestias ipsum sit pariatur est autem numquam accusantium sunt. Temporibus est ut labore praesentium. Molestiae autem hic a earum facilis. Qui nihil molestiae accusantium est voluptatem. Ad nisi doloremque velit at. Dolor aut qui dolorem minus eveniet quo aut. Et quam quia facilis ipsam repellendus id. Mollitia enim recusandae nostrum eum voluptatem ea voluptas quam. Laudantium enim earum odit dolorem. Ad dicta in ut facere. Ea ut sint sapiente vel nobis quae soluta.', '2020-04-19 10:16:01', '2020-05-01 14:57:48'),
('1292adb893a7245a7f16c70017af6b1a', '9793ad5957afa26e2ccead062a41b4d2', 'Dk. Gambang No. 506, Bekasi 87180, KalSel', '-6.169905253038752', '106.82440210116597', 'Rusun Ut dolores vero.', 24, 950000, 6, 'Mollitia est possimus ad deserunt minus error aut. Quasi mollitia maxime necessitatibus voluptas dolorem numquam. Sed omnis recusandae iure qui et et accusantium. Odit est fugit culpa nulla earum in cum qui. Quia veritatis atque optio. Facilis accusamus aliquid est recusandae sint sed debitis. Voluptatum voluptatibus recusandae aut quod. Consectetur reprehenderit harum suscipit fuga. Et est accusantium facilis quaerat sunt. Rerum doloribus voluptatem a odit. Deserunt provident et modi quae. Sunt pariatur praesentium et facere nesciunt natus dolor dicta. Neque et quas atque consectetur. Odit cumque impedit odio. Debitis placeat facilis magni pariatur quos rerum modi. Ullam et sit qui quo hic.', '2020-04-19 10:16:00', '2020-04-19 10:16:00'),
('172896bf8269b7d6980b9d2b52769f5d', '9793ad5957afa26e2ccead062a41b4d2', 'Psr. Yap Tjwan Bing No. 873, Padangsidempuan 31620, JaTeng', '-6.169905253038752', '106.82440210116597', 'Apartemen Esse consequatur consequatur.', 14, 780000, 5, 'Accusamus magnam voluptas velit laudantium. Dolorem fuga illo voluptas velit possimus consectetur asperiores. Aut alias itaque vero omnis qui odit veniam occaecati. Inventore eos quisquam dignissimos earum sapiente nisi reiciendis voluptatem. Qui mollitia et nemo quia et sunt cumque. Corrupti nisi velit provident sunt commodi eligendi. Nihil error quo corporis quia. Aut unde rerum praesentium pariatur quis. Ea dolores repellendus laborum tempora consequatur et dignissimos id. Ad nesciunt a mollitia aspernatur illo officiis. Enim dolorem autem commodi corporis voluptate ab ea. Qui possimus harum error. Repellendus iusto ex reprehenderit officia laboriosam animi. Eum minus necessitatibus sequi atque. Et dolor at aspernatur consequatur.', '2020-04-19 10:16:00', '2020-04-19 10:16:00'),
('1748d26ce3d6ea06f1295f5f043b8c7d', 'c2fceec783535683b9fdcdedc4c333a4', 'Jr. Thamrin No. 746, Batam 57021, KalTeng', '-6.169905253038752', '106.82440210116597', 'Saung Perspiciatis nostrum a.', 21, 670000, 1, 'Libero pariatur accusamus aut unde quo. Voluptatem optio eligendi iusto aspernatur ut quis at. Sit maiores aut quia ratione iusto. Deserunt voluptas tempore voluptatem excepturi. Adipisci expedita aspernatur quod. Temporibus eaque alias ut rerum. Recusandae minima at et molestiae voluptas asperiores reprehenderit. Eligendi et qui quaerat ea magni explicabo. Quia ea dolores reiciendis voluptas fugit. Odio cupiditate placeat itaque vel eum. Ut velit enim deleniti voluptas veniam culpa sit. Praesentium saepe eius ex sed. Qui eum incidunt temporibus quo facere illo delectus. Nulla sed omnis voluptates earum.', '2020-04-19 10:16:00', '2020-04-19 10:16:00'),
('181532a64867733eecf7ba011af66e65', 'c2fceec783535683b9fdcdedc4c333a4', 'Ds. Imam Bonjol No. 600, Tual 86547, SulUt', '-6.169905253038752', '106.82440210116597', 'Saung Sunt delectus qui.', 12, 1500000, 7, 'Fugit rerum quo ipsa repudiandae est. Delectus est quae sit minus sint consequatur. Dolorem consequatur eum dignissimos possimus. Molestiae soluta ut exercitationem eligendi est reiciendis. Ea illum dignissimos reprehenderit fugit aut magnam. Enim totam minus alias at eos voluptates ex. Et praesentium eum aut cum ducimus odio. Officiis asperiores ex eaque velit dolor ut perspiciatis. Neque dolor hic rerum consequuntur. Quia nesciunt quia voluptatibus qui commodi laboriosam. Nam necessitatibus nemo sit enim consequuntur. Enim magni quis voluptatibus facilis illum. Mollitia non expedita asperiores officiis commodi totam reiciendis. Ab veritatis ad et eos nostrum.', '2020-04-19 10:16:01', '2020-04-19 10:16:01'),
('184e9b0ddecc113bd0ef8f8f9604a353', 'c2fceec783535683b9fdcdedc4c333a4', 'Jr. Babakan No. 439, Bogor 96598, KalBar', '-6.169905253038752', '106.82440210116597', 'Penginapan Et ad.', 12, 1570000, 3, 'Quo sit architecto et qui distinctio et. Id tenetur mollitia et modi. Itaque dolore numquam dolorem. Ut et fuga numquam est quo sit voluptatem. Deserunt qui ad ex explicabo reiciendis sint et. Voluptatum iste exercitationem et et et harum in nesciunt. Rerum sed enim commodi numquam sit dolore eum dicta. Provident perspiciatis itaque omnis cupiditate nulla saepe. Quas nulla a aut hic ea accusantium. Quia praesentium odio quaerat aliquam est in atque. Omnis consequatur enim harum et illum. Error aut nemo incidunt tempora. Id similique commodi iste laboriosam. Non suscipit ut velit at eum hic optio. Nulla error qui explicabo.', '2020-04-19 10:16:01', '2020-05-01 14:58:29'),
('1bbe90ee81f7571ce81a2650aefa2100', 'c2fceec783535683b9fdcdedc4c333a4', 'Jln. Ters. Kiaracondong No. 758, Pekanbaru 55532, Bali', '-6.169905253038752', '106.82440210116597', 'Rusun Aliquam at.', 16, 1280000, 5, 'Cupiditate ut corporis possimus maxime. Expedita nam nihil vel est consectetur nemo at. Voluptatem voluptatum et nam laborum. Quisquam porro fugiat unde occaecati nostrum. Voluptatibus autem aut sequi. Tenetur corrupti doloribus quam qui nulla. Inventore non explicabo voluptatum repellendus qui numquam sed. Numquam est expedita natus accusantium at quisquam. Est ipsum officia sequi non dignissimos aliquid excepturi eius. Quod maxime sint provident vel. Sint qui et voluptatem. Et assumenda nisi iure corporis pariatur praesentium harum laboriosam. Dolor consequatur et tempora sed impedit. Cumque ducimus quae est dolore. Est in rerum id placeat dignissimos aut magnam.', '2020-04-19 10:16:00', '2020-04-19 10:16:00'),
('1e6e3439d0433919382f99c2ad02f857', 'c2fceec783535683b9fdcdedc4c333a4', 'Jln. Pacuan Kuda No. 344, Denpasar 31301, SumSel', '-6.169905253038752', '106.82440210116597', 'Rumah susun Quisquam dolor.', 19, 1520000, 4, 'Est sequi excepturi distinctio quo ea. Quidem natus ad vel nemo facilis blanditiis. Qui molestiae saepe aut ut. Officiis et quod ipsum sunt sint cumque. Voluptatem qui et et itaque. Est maiores facilis et sit tempora. Fugit alias qui qui. Labore hic numquam dolore earum est asperiores quia. Earum quia consequatur totam minus provident tempore temporibus. Dolor quia incidunt cum iusto ut. Et accusantium doloremque sed vitae odit nobis. Eaque porro iusto quia impedit sunt ut. Quibusdam qui rerum iste rerum ut. Dolores nihil nihil molestiae deserunt aut. Molestias ut architecto mollitia suscipit ut. Eius voluptatem porro illo laborum molestiae aperiam mollitia est. Sed voluptatem placeat veniam ex dolore officiis ipsum.', '2020-04-19 10:16:01', '2020-04-19 10:16:01'),
('1f16e0c52fd4a33c9b9fb8b6baf9a7a5', 'c2fceec783535683b9fdcdedc4c333a4', 'Ki. Basudewo No. 587, Administrasi Jakarta Utara 28067, KepR', '-6.169905253038752', '106.82440210116597', 'Kontrakan Accusamus aut commodi.', 22, 680000, 2, 'Totam non consequatur cum ratione id enim. Et temporibus nisi ut et veritatis error quis. Nobis accusantium laborum culpa voluptatum ducimus quis. Expedita dolorem ipsam reiciendis cumque. Aut impedit est laudantium aliquid facere. Quis est qui praesentium voluptatum alias. Impedit odit aperiam libero qui. Enim dolore quisquam accusantium dolorem. Aspernatur officiis repellendus adipisci voluptatem. Sed aut autem distinctio vitae a quia veritatis placeat. Odio eos earum iste excepturi. Libero id quam quis vel fugit. Et consequatur magni enim eum itaque porro. Aut rerum et cum libero odio.', '2020-04-19 10:16:01', '2020-04-19 10:16:01'),
('22225a3f203ad51aab09e7acbd2575d6', 'c2fceec783535683b9fdcdedc4c333a4', 'Kpg. Rumah Sakit No. 818, Bandung 15814, SumUt', '-6.169905253038752', '106.82440210116597', 'Apartemen Nostrum quo laborum.', 20, 600000, 8, 'Quibusdam facilis enim natus iusto dolores qui beatae. Totam accusantium deleniti quod. Eius tempora itaque ut iste ullam aliquid voluptatem. Ut ab perspiciatis architecto. Aliquam alias tenetur est iusto ipsam. Error est deleniti sunt. Modi consectetur harum ullam non omnis. Quisquam et facilis corrupti. Qui nulla et quis et delectus. Atque nobis id aut nam. Quo incidunt aspernatur rerum et libero. Nobis qui est voluptate et et. Odio omnis est a placeat vitae. In possimus et architecto accusantium et. Qui nostrum labore dicta voluptas et voluptates dolorem. Rerum et est pariatur. Dignissimos autem veritatis deleniti. Ducimus molestias tenetur qui eveniet harum sed praesentium.', '2020-04-19 10:16:01', '2020-04-19 10:16:01'),
('23c22d248bdec3cc1663a3023a5e90a5', 'c2fceec783535683b9fdcdedc4c333a4', 'Ki. Dago No. 544, Bima 57640, Bali', '-6.169905253038752', '106.82440210116597', 'Hotel Occaecati velit tempore.', 14, 950000, 1, 'Cum voluptas repellat repellendus hic eos non harum. Doloribus voluptatem magnam qui at enim. Repellat distinctio qui asperiores voluptas velit. Incidunt quo vitae autem dolorum sit. Nesciunt rem sit enim aliquid quia magnam. Ut omnis eum iure sunt porro et repellendus. Sint quia aut dolorem temporibus id. Beatae enim rerum eius architecto. Et nulla praesentium consequatur unde quia. Tempora dolorem a omnis odit rerum provident consequatur deleniti. Non a maiores quae aut. Necessitatibus aut accusantium vero. Id qui maiores nesciunt sunt corporis laboriosam aut. Delectus enim consequatur enim perspiciatis sint rem nisi ipsam.', '2020-04-19 10:16:01', '2020-05-02 08:03:03'),
('24f238b82ef229b08ef017cef4adc4f4', 'c2fceec783535683b9fdcdedc4c333a4', 'Dk. Banal No. 166, Tangerang Selatan 28927, Lampung', '-6.169905253038752', '106.82440210116597', 'Apartemen Exercitationem commodi fugiat.', 15, 1670000, 5, 'Minima illo quas consequatur eius veniam. Occaecati earum provident sit sint. Cupiditate vel sed accusamus assumenda quisquam id. Harum aut quia perspiciatis molestias et. At tempora sit rerum quas. Iusto quisquam eveniet maxime dolore necessitatibus. Quaerat consequatur eos modi rem omnis et. Aut quia sit sed ut mollitia perferendis ut. Eum tenetur recusandae quia dicta sunt libero quia non. Optio eligendi aut expedita eaque non. Eveniet error distinctio sit voluptatem sed sed rerum. Quod aspernatur aut ad est. Et quia quasi sit aut in culpa.', '2020-04-19 10:16:01', '2020-04-19 10:16:01'),
('27ccb98aad79462b299fea257e56d703', 'c2fceec783535683b9fdcdedc4c333a4', 'Psr. Rajiman No. 674, Samarinda 84338, Bali', '-6.169905253038752', '106.82440210116597', 'Rumah susun Aut quidem.', 20, 1490000, 6, 'Sunt et velit ut accusamus quaerat. Nostrum velit rerum quos enim tempore ut reprehenderit. Quia et sint nihil. Qui delectus occaecati omnis doloribus consequuntur cumque. At vel sed quasi quia adipisci voluptatem eos. Voluptate pariatur facilis maxime ut sit aut est. Sequi earum non deleniti explicabo veritatis modi. Sit mollitia aut a quibusdam dolore saepe. Magnam explicabo quo ut voluptatem aut adipisci sed. Exercitationem saepe laboriosam animi possimus voluptas nisi est. Et et est vel harum nihil molestiae nisi ipsa. At sed est nulla laboriosam assumenda sit omnis est. Quaerat et optio quasi similique.', '2020-04-19 10:16:01', '2020-04-19 10:16:01'),
('296513dd1f51e383ee243fc94c68bb8a', 'c2fceec783535683b9fdcdedc4c333a4', 'Ki. Jambu No. 608, Kendari 15072, KepR', '-6.169905253038752', '106.82440210116597', 'Hotel Labore delectus aliquam.', 14, 920000, 2, 'Veniam fugit delectus est vitae et sapiente. Tempora provident illo ea omnis aut recusandae officiis dolor. Sint consequatur aut nesciunt officia vitae neque sed. Aliquid provident quo cumque sunt. Et mollitia vel voluptatem molestiae consequatur. Atque quia natus voluptatem optio non aperiam tempora. Nulla laboriosam sed totam et qui consectetur dolor. Autem est nam voluptatem nulla est. Provident quod qui qui velit officia odio. Reiciendis iusto autem quia accusantium aut quibusdam ab. Consequatur quasi et odio quia nisi nesciunt. Sapiente consequatur qui quia. Quis soluta minima magni numquam ut.', '2020-04-19 10:16:00', '2020-04-19 10:16:00'),
('29c6684cc3b77d281a676d9686ec41af', 'c2fceec783535683b9fdcdedc4c333a4', 'Ki. Madrasah No. 801, Binjai 67599, NTT', '-6.169905253038752', '106.82440210116597', 'Kontrakan Ullam nisi.', 16, 500000, 6, 'Placeat quia libero deleniti rerum ut. Aut voluptatum ut mollitia asperiores eligendi est. Sed id libero ut aut autem molestiae vitae. Veritatis expedita ducimus iure ad harum dolorem reiciendis. Harum est aut quisquam dolor rerum tenetur aut. Repellendus hic dignissimos maxime voluptas magni omnis. Molestiae molestiae totam quaerat minus et. Vero autem accusamus tenetur deserunt. Deserunt cumque molestiae recusandae esse. Dolor iure eaque molestias ut molestias numquam minus. Qui quidem vel perspiciatis eos. Sunt at vel nisi explicabo. Distinctio qui nihil vitae natus officiis minima molestiae. Consequatur ullam dolor impedit at sunt odit. Et dignissimos aspernatur itaque ut quod vel consequatur nulla. Eligendi et eos magnam aut voluptas.', '2020-04-19 10:16:00', '2020-04-19 10:16:00'),
('2d7605190ef05e384b187e45955db2e2', 'c2fceec783535683b9fdcdedc4c333a4', 'Jr. Krakatau No. 754, Pekanbaru 29095, Bengkulu', '-6.169905253038752', '106.82440210116597', 'Rumah Qui aliquid temporibus.', 14, 1690000, 1, 'Earum et laboriosam maiores soluta illum enim. Similique architecto ratione dolores qui atque. Sit placeat voluptas odio. Beatae fuga deserunt ut error ea nihil repudiandae. Veritatis sint delectus quibusdam ad. Et cum iste delectus. Quam ipsa ut aliquid nihil voluptatibus repellat aut vel. Et totam aspernatur voluptatibus et et quis. Sit eveniet sit hic deserunt illum. Dolores laborum explicabo ducimus et dolores qui nihil commodi. Repellendus deleniti eius id et reiciendis eum enim. At dignissimos aut similique consequuntur ipsum hic. Aliquid qui eum placeat alias. Quod numquam error necessitatibus laborum nesciunt quos id eaque. Dolorem earum ut perferendis adipisci aut.', '2020-04-19 10:16:00', '2020-04-19 10:16:00'),
('2e418573f967c5f6c29411d640e12e98', 'c2fceec783535683b9fdcdedc4c333a4', 'Kpg. Rajawali No. 609, Surakarta 96168, Riau', '-6.169905253038752', '106.82440210116597', 'Rusun Voluptatibus suscipit.', 21, 1500000, 8, 'Ut alias inventore dolorem molestiae. Laboriosam sed qui omnis dolore. Et iure voluptas consequuntur quia. Tenetur quam voluptas cumque eos. Dolores at rem aspernatur ipsa. Corporis aut animi nam et. Ullam adipisci laudantium fuga et. Omnis dolorem sit eum quo maiores iure. Qui voluptatem in facere ut. Nostrum facere excepturi molestiae blanditiis molestiae. Velit sit a reiciendis quia eligendi numquam. Enim qui vero voluptatum. Quia suscipit hic totam id voluptatem. Recusandae est aut quaerat consequatur vero eum voluptas. Porro et aut ut laboriosam modi. Quod molestias vitae aut quo est. Nostrum qui temporibus est quasi.', '2020-04-19 10:16:01', '2020-04-19 10:16:01'),
('2ebc6ad725fe7535ace4de4b663c79b5', 'c2fceec783535683b9fdcdedc4c333a4', 'Kpg. Babadak No. 822, Subulussalam 96870, NTB', '-6.169905253038752', '106.82440210116597', 'Hotel Est mollitia est.', 18, 980000, 7, 'Neque qui blanditiis tempora doloremque necessitatibus. Dolorem sit et aut. Qui repellendus dolor quia non vel suscipit. Aut quos asperiores perspiciatis provident nam esse necessitatibus. Quo aut dicta beatae aut ut molestiae et nostrum. Ullam dignissimos earum eos odio occaecati. Modi ea ab rem rerum. Et omnis repudiandae voluptatum necessitatibus quaerat corporis. Nostrum id repellat cupiditate ut rerum. Debitis at rem tempora accusantium. Consequatur officia praesentium sit aperiam et sed. Perferendis autem velit nisi velit quis. Id quia ut laboriosam quae recusandae. Sed cum explicabo porro quis eaque ut blanditiis.', '2020-04-19 10:16:00', '2020-04-19 10:16:00'),
('316f15fa59427aec5991711462ba09b8', 'c2fceec783535683b9fdcdedc4c333a4', 'Ds. Ronggowarsito No. 144, Medan 58201, SulTra', '-6.169905253038752', '106.82440210116597', 'Saung Et fuga minima.', 18, 1350000, 7, 'Ipsam et doloremque aut. Enim non praesentium incidunt aliquid rerum tempore minima. Aut qui quo provident. Qui ipsam quibusdam possimus fuga ut. Quam corrupti aut eos voluptatem. Quo rem delectus dicta nesciunt magni nihil occaecati necessitatibus. Et culpa qui sed ullam ut. Est quo a aliquam consectetur. Quis minus odio pariatur autem enim. Incidunt saepe voluptatibus facilis perferendis asperiores ut. Nihil occaecati nihil odit quis distinctio facilis modi. Autem nihil qui eum voluptate est assumenda. Qui dolore ea placeat sequi. Non enim enim nihil ipsam aut qui. Explicabo et consectetur fugiat rerum et rerum sint. Enim et reiciendis autem qui et. Expedita ut praesentium dolores et.', '2020-04-19 10:16:00', '2020-04-19 10:16:00'),
('332b18af601ef8f78d1a28ebcd861de5', '118445e44ad0b0dba7c292988d977632', 'Ki. Ekonomi No. 833, Pangkal Pinang 60578, PapBar', '-6.169905253038752', '106.82440210116597', 'Rusun Officia consequuntur.', 19, 1300000, 4, 'Consequuntur similique error iure inventore provident eaque. Sit eaque dolorum quo quas vero vel asperiores cum. Voluptatem voluptatum rerum corrupti consectetur mollitia maiores tenetur. Ex est maiores ipsum sed accusamus. Accusantium eligendi facere reprehenderit eaque est rerum aspernatur. Consequatur odio eum maiores quo magni. Quis similique suscipit dolor maxime fugiat explicabo. Occaecati consequatur non omnis. Aut voluptas quasi eos nisi. Et numquam id in mollitia. Perferendis voluptates est temporibus corporis eaque velit sed. In dolore blanditiis quam pariatur modi eum laudantium ut. Similique ut fugit voluptatem adipisci dolores numquam quas rerum.', '2020-04-19 10:16:00', '2020-04-19 10:16:00'),
('3568f1f6278cfb73b68e0e255c06839e', '118445e44ad0b0dba7c292988d977632', 'Jln. Suniaraja No. 114, Medan 12196, MalUt', '-6.169905253038752', '106.82440210116597', 'Saung Magni corrupti a.', 25, 1420000, 2, 'Dolores praesentium vel at dolorem. Distinctio rem non ad iure suscipit. Dolor blanditiis animi aperiam eos ullam quibusdam fuga. Dolor placeat alias error nisi quos blanditiis possimus. Quod enim qui voluptate atque nam rerum modi non. Architecto ratione quia id consequatur nesciunt. Et est facilis rerum fuga laborum adipisci odio et. Corrupti culpa ratione quae nihil voluptates beatae accusantium. Enim perspiciatis est accusantium odio. Officiis veritatis dignissimos et suscipit ut voluptas ad. Ducimus commodi rem sit vel. Aliquid est itaque et praesentium modi fugit. Harum qui laboriosam modi eum sit. Eos et consequatur ea reprehenderit.', '2020-04-19 10:16:01', '2020-04-19 10:16:01'),
('3818362a636e61145e82641f25050c23', '118445e44ad0b0dba7c292988d977632', 'Jr. Pacuan Kuda No. 456, Blitar 88721, DKI', '-6.169905253038752', '106.82440210116597', 'Hotel Exercitationem iusto.', 25, 570000, 4, 'Vero qui officia velit facilis est esse nemo. Beatae debitis pariatur commodi voluptatum modi. Deleniti nisi molestias quisquam repellendus. Itaque laboriosam ut ex qui. Magni amet voluptas et voluptatem unde veniam. Voluptatibus enim laborum aut. Aut dolor eum modi quo. Eos odit quidem nihil sunt. Perspiciatis voluptas qui est molestias qui modi. Aliquam quia et tempora dicta animi unde. Excepturi rerum modi ut est. Sed modi eos officia doloremque velit quis. Distinctio dolorem non occaecati porro ab nesciunt aut. Ullam sunt est earum eum qui ratione. Voluptas mollitia aperiam soluta reprehenderit. Aut asperiores quis reiciendis quos odit assumenda similique.', '2020-04-19 10:16:00', '2020-04-19 10:16:00'),
('3bee1604a42620a97d443d2c2a89d0e4', '118445e44ad0b0dba7c292988d977632', 'Ds. Bara No. 579, Bontang 43791, Riau', '-6.169905253038752', '106.82440210116597', 'Apartemen Est iste odit.', 12, 1730000, 3, 'Ex incidunt fugiat dolore fugit odio dicta aperiam. Quos est quos doloremque libero ratione dignissimos est ratione. Vitae porro unde explicabo veniam earum. Eos placeat quam quis adipisci et maxime. Voluptatibus necessitatibus sit nihil dolorum et exercitationem blanditiis. Sapiente maiores voluptatibus architecto eos. Qui enim voluptatum tempore laboriosam dolores. Dolore facilis ullam voluptas nam delectus quae. Est nam repellat exercitationem et. Culpa quo consequatur praesentium atque. Consequatur repudiandae recusandae mollitia aut mollitia. Quia est odio eligendi quos. Error quibusdam rerum neque. Rerum ut et repellendus cumque dolor odit rerum repudiandae. Placeat fuga amet veniam accusantium inventore vel.', '2020-04-19 10:16:01', '2020-04-19 10:16:01'),
('408e7de34e5706d11dcf5be861f924f5', '118445e44ad0b0dba7c292988d977632', 'Ds. Asia Afrika No. 134, Solok 24409, SulUt', '-6.169905253038752', '106.82440210116597', 'Rumah Consequuntur provident harum.', 21, 1860000, 2, 'Nemo fugit quos saepe architecto eum. Ex alias odit voluptatibus omnis eum. Sed eos asperiores ut cupiditate id perspiciatis. Impedit aspernatur commodi laborum beatae vitae. Nostrum ab natus magni. Quae itaque harum totam et ut. Et non tenetur enim ab dolorum dicta necessitatibus optio. Optio iure est soluta pariatur iure suscipit. Molestiae soluta enim recusandae commodi aliquid labore modi eveniet. Ducimus quis porro voluptatem dignissimos error doloremque. Necessitatibus ut vel aut cupiditate dolorem. Qui qui rerum sit recusandae similique ipsum praesentium. Doloribus velit et est quia sit.', '2020-04-19 10:16:00', '2020-04-19 10:16:00'),
('43ccfc4d12924243cc2b4b435967ea29', '118445e44ad0b0dba7c292988d977632', 'Ki. Sutarjo No. 758, Blitar 32398, DKI', '-6.169905253038752', '106.82440210116597', 'Rusun Minima voluptas dolores.', 22, 210000, 6, 'Hic possimus et qui laudantium corrupti expedita. Magnam aliquid nam laboriosam reiciendis. Dolor reiciendis sunt atque alias eos rerum. Enim explicabo ex recusandae in rerum. Qui laborum pariatur a et ut voluptatem. Illo aspernatur distinctio quam quisquam. Tempora sequi repudiandae ipsum eum aut. Possimus optio quia rem in asperiores non. Non qui sequi consequatur laudantium sed earum. Maxime voluptatem error autem. Debitis aliquid aut nemo qui. Qui in enim et illum ut sed. Et perspiciatis laborum neque perferendis nostrum veniam eum in. Harum quis alias at. Voluptatem quis velit quae ad porro enim.', '2020-04-19 10:16:00', '2020-04-19 10:16:00'),
('50b7a358eb917e30d6f2273f89a38d42', '118445e44ad0b0dba7c292988d977632', 'Ds. Taman No. 1, Kupang 56257, Banten', '-6.169905253038752', '106.82440210116597', 'Saung Reiciendis praesentium id.', 16, 1700000, 3, 'Quasi eius cumque quis quas. Nostrum reiciendis culpa id hic possimus molestiae doloribus aut. Et itaque animi neque id sint non. Accusamus pariatur amet a cupiditate alias. Est qui laboriosam ipsum officiis mollitia. Alias ut doloremque qui quae sint aut. Aliquam esse eveniet quos corporis aut sed. Neque laboriosam corporis dolorem commodi. Quasi porro ducimus voluptas omnis vel illum. Autem quis consectetur omnis quia maiores aperiam nisi labore. Totam quis eum dolores quod sed. Totam blanditiis ab impedit sapiente impedit odit. Perspiciatis voluptatibus voluptatibus molestiae minus ut ut voluptates. Porro consequuntur dolore numquam voluptates dolores.', '2020-04-19 10:16:00', '2020-04-19 10:16:00'),
('5500615014986f8db0c7d778b41a1c1c', '118445e44ad0b0dba7c292988d977632', 'Jr. Imam Bonjol No. 344, Pekanbaru 82644, DKI', '-6.169905253038752', '106.82440210116597', 'Hotel Aliquid explicabo.', 19, 390000, 7, 'Nostrum non et quae corrupti aut. Quis est voluptatem voluptatem error. Quia ut nam non praesentium. Consequuntur consequatur aliquam quia id saepe consequatur. Quo impedit consequatur recusandae ipsam iusto eos dolorem. Ratione molestias sed nisi quae repudiandae. Et praesentium necessitatibus est sed. Dolores et a officiis aliquam. Quia delectus et magni earum et saepe. Aspernatur odio deserunt molestiae accusamus nam commodi sequi harum. Laborum sed corporis nulla sit dolores. Minima qui pariatur magnam aut possimus provident quaerat. Adipisci et nobis sit veritatis culpa labore nulla. Nobis inventore et nobis facilis nihil.', '2020-04-19 10:16:01', '2020-04-19 10:16:01'),
('5d21156a20debaf1b5860e6d45c5ee14', '118445e44ad0b0dba7c292988d977632', 'Ds. Rajiman No. 637, Tegal 40783, Aceh', '-6.169905253038752', '106.82440210116597', 'Kontrakan Assumenda laboriosam vitae.', 19, 270000, 3, 'Ad id qui atque est et. Architecto vel autem tenetur voluptatibus nisi sint. Cum illo tenetur facere modi commodi optio. Maxime ea in dolorem delectus corrupti dolor provident. Id ab qui praesentium dicta voluptas a accusamus. Et amet fugiat iure doloremque omnis qui. Recusandae fugit nihil quibusdam laudantium at. Eos rerum illo nulla dolor ut vero. Et ducimus et dolor at ea. Dolorem et sequi iure suscipit est nisi. Tempora delectus pariatur laboriosam ipsum. Labore autem non aut placeat hic recusandae. Dolores dolorem hic in itaque et. Nihil voluptatem et atque placeat repellendus. Dolor aliquid necessitatibus nostrum et numquam aspernatur et. Ut sed aliquam suscipit fuga at qui fuga.', '2020-04-19 10:16:00', '2020-04-19 10:16:00'),
('5e1148cb441dd4ab2e648c125a33e38c', '118445e44ad0b0dba7c292988d977632', 'Dk. Achmad Yani No. 730, Tomohon 77481, SulSel', '-6.169905253038752', '106.82440210116597', 'Sewa Accusamus odit.', 12, 1110000, 3, 'Nam mollitia perspiciatis qui ut reiciendis earum consectetur laudantium. Similique repellat quo nesciunt et. Nostrum deserunt occaecati suscipit cum. Quia pariatur non non placeat quis. Id quisquam sed quis. Voluptas eos et et voluptates. Doloremque aut et sit perferendis accusamus modi. Sequi dolorem rem nobis ut soluta voluptate. Corrupti at fuga debitis eos voluptatem sed vero. Est eum adipisci provident doloribus rerum consectetur. Quo facere et quasi laudantium. Placeat repellat veniam assumenda unde nemo dignissimos. Atque ea at vitae. Nulla tempora qui maxime magni quas praesentium et. Et aliquam praesentium voluptas est ut rerum quod placeat.', '2020-04-19 10:16:00', '2020-04-19 10:16:00'),
('61c8ce07566c6ecaa714ad6afdff94f3', '118445e44ad0b0dba7c292988d977632', 'Kpg. K.H. Maskur No. 874, Administrasi Jakarta Selatan 63588, Maluku', '-6.169905253038752', '106.82440210116597', 'Penginapan Explicabo ipsam.', 25, 860000, 5, 'Dolorem ad et impedit voluptatem alias velit est. Sint recusandae expedita aut ut corporis. Eum dolor itaque accusamus blanditiis. Et sed quia et fugit. Culpa nihil facilis id quae sint dolorem excepturi quis. Dolorem fuga quibusdam fuga eveniet. Iste aut ipsum et est iure rerum. Aut dolorem id laudantium deserunt fugit quia laborum. Voluptas culpa magni autem quae numquam. Iusto cumque facere explicabo architecto. Natus assumenda quo sapiente accusantium aut dolor perspiciatis. Voluptatum labore voluptatibus ad in laboriosam molestiae eveniet. Dicta saepe tenetur soluta ipsam et eveniet laudantium. Beatae iste rerum distinctio architecto assumenda reiciendis. Voluptatum dolor corrupti et dicta fuga.', '2020-04-19 10:16:00', '2020-04-19 10:16:00'),
('64a3b005690e3904ee7ee5facfc1a29a', '118445e44ad0b0dba7c292988d977632', 'Jln. HOS. Cjokroaminoto (Pasirkaliki) No. 732, Salatiga 86534, Maluku', '-6.169905253038752', '106.82440210116597', 'Saung Perspiciatis quo.', 19, 1820000, 5, 'Praesentium unde non ex quisquam. Odio repellendus et eligendi voluptatem consequatur. Eos quas ex fugiat molestias eos maiores. Cupiditate qui reiciendis natus praesentium laborum. Earum ut velit doloremque fuga temporibus ut quis quaerat. Quam neque eveniet vero sint unde. Vero enim dolorem reprehenderit culpa voluptatem. Atque omnis nemo perferendis dolorum. Architecto rerum quis et ipsum commodi adipisci. Dolores explicabo temporibus unde. Magnam quod amet voluptatem animi temporibus. Facere neque cumque voluptatem odit qui mollitia et. Voluptatibus quaerat ad totam magni. Soluta eligendi illum laudantium magnam. Unde autem facilis at aut. Nam pariatur quasi magnam quas quia reprehenderit corporis.', '2020-04-19 10:16:01', '2020-04-19 10:16:01'),
('6a52f953fa3042e9a04070c76d37f8f1', '118445e44ad0b0dba7c292988d977632', 'Ki. Bak Air No. 336, Tidore Kepulauan 85418, Lampung', '-6.169905253038752', '106.82440210116597', 'Rumah susun Doloribus et.', 24, 240000, 5, 'Et ea voluptatem in amet ea pariatur commodi provident. Reprehenderit qui aperiam et quasi. Quas quas non cumque atque voluptatum omnis. Dolorum exercitationem exercitationem et totam ea perspiciatis autem. Rerum vitae omnis ab quia alias error tempore eligendi. Consequuntur perferendis a veritatis consequatur cum et. Sed et quibusdam labore laboriosam neque. Nesciunt qui odio iusto inventore nihil eos. Fugit aspernatur exercitationem qui et ut velit iusto. Eum ipsam dolorem nemo unde voluptatem. Voluptas pariatur aperiam ut tempore quo qui et. Quis quasi in est qui. Blanditiis enim est eaque. Ratione quam dolor molestiae quas dignissimos quo voluptatem eos. Quidem magnam deleniti id quasi voluptatem vitae consequatur.', '2020-04-19 10:16:01', '2020-04-19 10:16:01'),
('6abe7ccce6cce17cd643487a187fdef4', '118445e44ad0b0dba7c292988d977632', 'Ki. Basoka Raya No. 787, Bima 11177, SulUt', '-6.169905253038752', '106.82440210116597', 'Sewa Voluptatem voluptatem saepe.', 10, 1120000, 4, 'Sunt dolor pariatur vel autem cumque voluptatem. Quis vitae praesentium tempore est. Repellendus nobis et dolore repellat quibusdam in. Sequi rem autem quia quia. Nobis hic unde nulla ut ut reiciendis praesentium. Quam magni et rem non dolor mollitia qui. Vitae maiores modi dolor aut est. Quidem et adipisci omnis vel neque dolorem. Mollitia iusto autem nulla ut. Voluptatem ducimus debitis neque laboriosam aspernatur. Aliquam earum unde esse omnis aperiam ducimus. Neque aliquam sint sunt omnis voluptatem. Neque natus sit ratione a ea atque recusandae ut. Qui omnis sapiente ut et ipsa fuga saepe. Temporibus sint ea non laudantium. Voluptatibus iure adipisci velit doloribus eaque vero. Consequatur sunt vitae dolor a.', '2020-04-19 10:16:01', '2020-04-19 10:16:01'),
('6ad595977dfb1e0db09d86ef3354082d', '118445e44ad0b0dba7c292988d977632', 'Jln. Antapani Lama No. 492, Tarakan 39844, PapBar', '-6.169905253038752', '106.82440210116597', 'Home stay Voluptates est.', 15, 1820000, 1, 'Ipsa porro fugit autem voluptas id incidunt. Quidem cupiditate dolores consequatur dolorem quaerat quia suscipit. Quis tempora at hic eligendi commodi corrupti temporibus ut. Aspernatur esse veniam sit nostrum excepturi tempore consequatur. Quia laboriosam aspernatur aut enim quis reiciendis maiores. Unde ea dolor aperiam veniam. Doloribus nostrum sed earum aut rem ratione magnam. Nulla beatae maiores quasi et. Qui aut iure est dolores et possimus. Ut aut id odit voluptas odio libero asperiores. Qui quisquam dignissimos nihil est velit ut. Est deserunt quis aut ex illo sed quae. Et ut dolores possimus omnis accusantium qui.', '2020-04-19 10:16:00', '2020-04-19 10:16:00'),
('6b5317f2e521d161f861a49660c14a07', '118445e44ad0b0dba7c292988d977632', 'Ki. Babakan No. 786, Dumai 91824, KalTim', '-6.169905253038752', '106.82440210116597', 'Kontrakan Voluptatum repellendus id.', 25, 550000, 3, 'Explicabo et voluptatibus et magni exercitationem. Quod architecto voluptate voluptatibus quos. Enim illum consectetur exercitationem architecto aut saepe rem. Consectetur ipsa molestiae aut iusto. Dolor ratione quo rerum nostrum atque ullam. Quia porro nulla officia reprehenderit sint odit. Et reiciendis ipsa asperiores. Autem repudiandae laudantium et quibusdam dolorem. Doloribus quia aut odit iusto commodi. A omnis inventore totam voluptatum et in est harum. Ipsa blanditiis optio blanditiis soluta incidunt. Aliquid nulla in ea. Quisquam ipsa sit iusto magnam eos consequuntur. Assumenda et temporibus ducimus officia.', '2020-04-19 10:16:01', '2020-04-19 10:16:01'),
('6b737f3b6199d8824b8d5814618d2ad8', '118445e44ad0b0dba7c292988d977632', 'kadalkjdlkajslkasjdlksadjlksajd', '', '', 'apartement 1 kamar', 15, 230000, 23, '', '2020-05-01 14:23:10', '2020-05-01 14:43:33'),
('6ce80e034c606a7aecb6c2f40c029363', '9793ad5957afa26e2ccead062a41b4d2', 'Jr. B.Agam Dlm No. 225, Banjarbaru 92131, SumSel', '-6.169905253038752', '106.82440210116597', 'Kos Doloribus numquam.', 16, 1070000, 4, 'Ut vitae vitae amet accusantium. Et qui dolores esse facere ratione. Vitae a asperiores optio voluptatem aut reprehenderit quo. Et culpa sed et ut minima. Saepe ab molestiae dignissimos tempora. Unde numquam corporis alias quia ullam voluptatem molestias ut. Dolores qui magnam voluptate commodi voluptatem ex. Ad aut autem illum qui. Sunt corrupti vel cumque aut cupiditate. Consequatur a aut amet corrupti et eos error velit. Assumenda fuga hic facilis aut fugiat at occaecati. Quia dolorum et qui repudiandae quas necessitatibus earum. Non consequatur voluptatem dolor id voluptatibus esse.', '2020-04-19 10:16:00', '2020-04-19 10:16:00'),
('6e1890940472e760289ee58964acb281', '9793ad5957afa26e2ccead062a41b4d2', 'Jr. Ters. Pasir Koja No. 346, Tangerang 11625, SulBar', '-6.169905253038752', '106.82440210116597', 'Penginapan Velit aliquid.', 15, 730000, 4, 'Doloribus doloremque tempora molestias. Placeat non architecto sed culpa omnis velit nam maxime. Iusto deleniti tempore est hic quisquam nemo fuga est. Harum blanditiis non molestiae. Ut aut possimus ut praesentium sunt et explicabo. Enim et aliquid rem consequatur totam quis velit autem. Sit cum dolorum veritatis quas consequuntur rerum. Laudantium quos ut pariatur fugiat rerum aspernatur molestiae. Similique accusantium ut quis quod quisquam sunt. Cumque ea et ullam voluptatem amet. Cumque eos debitis ab. Id hic expedita quidem asperiores totam vel sed. Temporibus ipsum ut quibusdam rerum corrupti sapiente maiores quod. Dolor fugit nihil itaque ut voluptates quo.', '2020-04-19 10:16:00', '2020-04-19 10:16:00'),
('7096b36c75f50fa94cf0f5270df865a9', '9793ad5957afa26e2ccead062a41b4d2', 'Ki. Suharso No. 678, Gunungsitoli 98988, NTT', '-6.169905253038752', '106.82440210116597', 'Kos Maiores rerum velit.', 13, 1390000, 5, 'Est molestiae sit reiciendis voluptatem non accusantium consequatur qui. Praesentium in doloremque aspernatur. Officiis ut optio ea tempora sed maxime beatae. Saepe voluptas id et totam earum sed quia. Quasi dolor voluptates soluta fuga architecto voluptatum sed. Et similique dignissimos aut corporis est. Vel laborum praesentium necessitatibus quibusdam. Nihil est rem non asperiores quaerat iste. Quae hic ratione suscipit quas ad sequi nostrum. Aut vero et adipisci. Quo velit tempore itaque temporibus totam ut mollitia aut. Est qui doloribus est itaque accusamus qui. Fuga et veritatis eum aut non corrupti culpa. Voluptas corrupti magnam veniam voluptatem non.', '2020-04-19 10:16:00', '2020-04-19 10:16:00'),
('728f968afa122642c43b7810622dd544', '9793ad5957afa26e2ccead062a41b4d2', 'Kpg. Basket No. 366, Tual 72542, SulTra', '-6.169905253038752', '106.82440210116597', 'Perumahan Assumenda dolorem.', 11, 1920000, 6, 'Id porro molestiae temporibus asperiores est. Ut cumque est qui. Facere ut praesentium omnis qui praesentium voluptate eos et. Rerum quos dicta possimus minima. Totam a non voluptas. Qui ex et quam ab harum est. Temporibus atque sed ut impedit voluptatem et molestiae esse. Architecto non ratione repellendus deserunt et reiciendis cumque. Rerum natus est sed nesciunt maiores laudantium. Unde ut suscipit voluptatum reprehenderit. Sit dicta delectus rerum est est distinctio in. Eos qui voluptatem qui aspernatur. Possimus nostrum tenetur aut laborum magni. Consequuntur cum ipsa vero molestiae eius natus impedit. Suscipit aut cum consectetur ex saepe blanditiis inventore.', '2020-04-19 10:16:00', '2020-04-19 10:16:00'),
('745ebc119b8288fd9137b59179ac8e1b', '9793ad5957afa26e2ccead062a41b4d2', 'Gg. Abang No. 800, Padang 10965, SulTra', '-6.169905253038752', '106.82440210116597', 'Kontrakan Consectetur rerum consequatur.', 16, 1510000, 8, 'Praesentium in est delectus exercitationem non. Quod aut velit voluptatibus repudiandae amet dolor ducimus. Ipsam qui est nulla voluptatibus. Qui quisquam est iure excepturi veritatis aut. Non in rerum explicabo numquam ducimus quis. Error reprehenderit et quis et omnis. A cupiditate eos commodi natus debitis beatae nihil. Sed ullam reprehenderit et praesentium. Ut distinctio velit cum enim dolor illum tempora. Quis ea officia ut rem. Enim velit dolor minus vel minima sit quasi. Dolor blanditiis ipsum odio laudantium et. Ab molestiae voluptatem itaque iste dolor ipsam. Mollitia autem dolorem exercitationem quisquam sit fugit. Quia et natus aut voluptate qui quia.', '2020-04-19 10:16:01', '2020-04-19 10:16:01'),
('785dd99f75070423375954d50fcdd7a1', '9793ad5957afa26e2ccead062a41b4d2', 'Jln. Honggowongso No. 595, Gunungsitoli 41012, KalTim', '-6.169905253038752', '106.82440210116597', 'Saung Qui asperiores.', 18, 1630000, 4, 'Iste maxime facilis est voluptatem. Aspernatur consequatur minus error impedit. Autem distinctio totam veniam sed dolore excepturi. Quos in dolorem officia odio pariatur ea voluptate. Iste esse fugiat fugit quas quae aliquam. Et nihil aspernatur culpa cupiditate necessitatibus dignissimos neque quae. Consequatur nemo odit voluptatem voluptatibus recusandae eligendi. Sunt et est consequatur ab excepturi quis. Vero aperiam similique suscipit repudiandae aut illum maxime. Aut nulla ea voluptatem blanditiis quod et. Sequi asperiores similique corrupti reprehenderit. Aut nemo et omnis. Voluptatem velit cumque natus vitae impedit omnis. Illum ipsam aut quidem. Consequatur in ratione est provident ut saepe et.', '2020-04-19 10:16:01', '2020-04-19 10:16:01'),
('7b1e3f8fc588200ad0e2600501565718', '9793ad5957afa26e2ccead062a41b4d2', 'Psr. Kebonjati No. 232, Pangkal Pinang 26970, NTT', '-6.169905253038752', '106.82440210116597', 'Rumah susun Aut rerum.', 19, 1430000, 8, 'Veniam consequatur nihil quas quo nobis. Molestias sit eos qui rerum et suscipit veritatis modi. Nihil molestias aut iste. Odit ullam nobis eaque saepe minima sed quasi. Molestiae eos autem dolores dolorem amet. Laudantium sit et dolore et velit sit non. Aut nihil laboriosam tempora esse quia praesentium. Molestiae reiciendis impedit libero doloribus sit itaque ea. Nihil rerum et quisquam quis eius natus itaque. Aliquid et veniam officia. Quaerat omnis perspiciatis tempora id sit rerum commodi eos. Quasi excepturi aspernatur ex dolorem magnam. Odio voluptas cumque expedita qui. Placeat quia animi quas enim non vitae est. Aut in odio recusandae rerum excepturi. Recusandae rerum a aut veritatis corrupti nesciunt ullam.', '2020-04-19 10:16:00', '2020-04-19 10:16:00'),
('7d6f5777788c69bec8bc32da24bbd28c', '9793ad5957afa26e2ccead062a41b4d2', 'Jln. Nangka No. 680, Mataram 84879, KalTim', '-6.169905253038752', '106.82440210116597', 'Kosan Corporis possimus.', 13, 1470000, 3, 'Cumque enim quaerat et tenetur consequuntur non voluptas. Quisquam sit doloribus itaque fugiat consequatur quisquam. Veniam dolores sit autem iusto voluptatibus rerum cupiditate cupiditate. Provident nesciunt facere maiores modi et eum. Expedita vel dolorem culpa debitis dicta cupiditate error. Ex dolorem quaerat ea maxime provident. Id enim tempore sapiente eum. Voluptas vero in sunt earum hic recusandae. Provident voluptas unde maxime excepturi quidem libero placeat. In qui et quam quam. Odio ea voluptas debitis est quis incidunt. Velit autem recusandae assumenda et itaque assumenda maiores. Sequi itaque sapiente perferendis.', '2020-04-19 10:16:00', '2020-04-19 10:16:00'),
('82b9738d12d978c875c7d170a650e228', '9793ad5957afa26e2ccead062a41b4d2', 'Psr. Madiun No. 676, Cilegon 98530, PapBar', '-6.169905253038752', '106.82440210116597', 'Apartemen Qui assumenda dolores.', 13, 1830000, 2, 'Perferendis sint quisquam totam. Maiores sequi quod quasi velit qui. Asperiores eum porro adipisci beatae ullam alias. Aliquam nihil rerum natus dolor perspiciatis minus nesciunt incidunt. Rerum sit aut labore vitae dolores quis. At ex aspernatur aut voluptatem fuga labore. Aut ut incidunt exercitationem. Quis ea pariatur est illo suscipit. Eligendi excepturi voluptatem repellat dicta qui. Qui facilis qui sint et. Molestias dolorum sunt explicabo ut dolorem aspernatur quasi. Ut sit ipsa delectus. Recusandae itaque voluptatem maiores. Magnam omnis saepe voluptatum quos necessitatibus quas. Consequatur est rerum sed.', '2020-04-19 10:16:01', '2020-04-19 10:16:01'),
('835d7ea3e465b34d6a9c40fe0cc39147', '9793ad5957afa26e2ccead062a41b4d2', 'Jr. Ekonomi No. 338, Kotamobagu 34828, Papua', '-6.169905253038752', '106.82440210116597', 'Rusun Natus aperiam doloribus.', 17, 1880000, 4, 'Beatae non iste pariatur suscipit. Omnis sint ut et amet ut est in. Quae magni quaerat deleniti consequuntur qui. Suscipit unde neque quasi ut assumenda magni et. Eos voluptatum voluptas quas officiis ut veritatis temporibus inventore. Rerum et maiores eum autem sunt. Velit autem quia aspernatur blanditiis tempore similique unde est. Soluta est accusamus distinctio saepe. Et eum ipsa est qui sit harum. Numquam rerum nemo minus. Harum maiores qui doloremque assumenda veniam. Eaque aut beatae quidem consectetur voluptates dignissimos nam qui. Iure modi fugit soluta in repellendus sapiente culpa. A ut mollitia et et enim. Voluptates placeat cupiditate sint qui.', '2020-04-19 10:16:01', '2020-04-19 10:16:01'),
('850ecd8fcdf7e66651a5d1b4f7286d52', '9793ad5957afa26e2ccead062a41b4d2', 'Jr. Raden Saleh No. 532, Bau-Bau 60699, JaTim', '-6.169905253038752', '106.82440210116597', 'Rusun Inventore quidem enim.', 15, 1440000, 3, 'Unde repellendus assumenda animi. Dolores pariatur excepturi fugiat odit architecto consequuntur qui dolor. Earum dolor velit est molestiae veniam. Aut nihil reprehenderit eius voluptatibus. Suscipit vel voluptatem adipisci officiis tenetur voluptatibus optio repellendus. Quo et ullam doloribus sed. Commodi dolorem qui et aperiam eius aut in. Totam error deleniti quaerat hic vitae et voluptas. Ducimus quasi reprehenderit nihil soluta. Amet est saepe adipisci consequatur deserunt non voluptatem. Nesciunt est facere dolorem distinctio qui. Fugit earum harum provident mollitia iure tempora.', '2020-04-19 10:16:00', '2020-04-19 10:16:00'),
('86acf5973fcdaf6f9ae08373e00fa0de', '9793ad5957afa26e2ccead062a41b4d2', 'Dk. Panjaitan No. 698, Tangerang 44005, SulTeng', '-6.169905253038752', '106.82440210116597', 'Rumah Eligendi labore.', 17, 410000, 8, 'Nisi reiciendis eius aut facilis non. Quisquam a possimus ut fugiat libero voluptatum. Officia sunt adipisci qui in voluptatem qui. Quis inventore sed est recusandae aperiam eius eaque. Soluta fuga qui minima reprehenderit dolor. Fugiat ullam nulla ducimus voluptate fuga. Nam amet nulla dicta velit quisquam omnis. Possimus quis suscipit odio omnis quibusdam et. Vitae similique dolore dignissimos dolore. Placeat placeat omnis nisi praesentium voluptas earum. Aliquam explicabo eum repellendus quidem nisi perspiciatis. Occaecati odio eos doloribus placeat. Omnis porro error neque qui quia expedita suscipit.', '2020-04-19 10:16:01', '2020-04-19 10:16:01'),
('8a46b700fb1b3830d05d60bbc2a6e285', '9793ad5957afa26e2ccead062a41b4d2', 'Jr. Jamika No. 725, Bontang 23359, KalBar', '-6.169905253038752', '106.82440210116597', 'Kosan Expedita nemo.', 24, 690000, 5, 'Quis dignissimos repellendus quos rerum quos. Consequatur voluptates recusandae sit quidem id molestias modi. Repudiandae aut voluptate fuga voluptatem est nesciunt. Porro maiores fuga laborum voluptas et. Dolor ut et aut architecto. Accusamus et sequi assumenda rerum. Repellat maiores dolor fugiat laboriosam autem adipisci. Cumque aut voluptates labore laboriosam quas quasi illum autem. Nihil voluptatem neque totam tempore unde ut veritatis. Similique provident doloremque vero. Dolor voluptates sed sequi molestiae et. Quia eos cumque qui quia. Ratione aliquam autem autem quam accusantium ut provident qui.', '2020-04-19 10:16:00', '2020-04-19 10:16:00'),
('8ca3a38797490dc7ae1f7c062ff0b66c', '9793ad5957afa26e2ccead062a41b4d2', 'Ki. Baranang No. 950, Surabaya 32991, Aceh', '-6.169905253038752', '106.82440210116597', 'Perumahan Commodi architecto rem.', 13, 1560000, 8, 'Minus voluptate recusandae quos dolor nostrum enim ut. Rerum itaque facere possimus quis qui rerum. Asperiores et repellendus distinctio omnis fugit ipsum. Illum vel et sit ad qui temporibus. Incidunt dolorem nulla minus molestiae a officiis. Voluptas ipsam ratione sapiente odit nesciunt quisquam necessitatibus. Velit autem voluptates iste quaerat dicta. Fugiat sapiente quisquam tempore ea temporibus dolorem maxime. Unde repellendus perferendis quis facere sunt rem delectus. Aut aut facilis aperiam voluptatem. Aut modi optio voluptas voluptatum. Reprehenderit cupiditate quo hic et ut. Quam ut natus mollitia delectus eveniet. Ducimus nisi assumenda quasi consequatur.', '2020-04-19 10:16:00', '2020-04-19 10:16:00'),
('91aef1b74a18e047e6dfa220b00464c3', '9793ad5957afa26e2ccead062a41b4d2', 'Gg. Baja No. 486, Cilegon 77506, NTT', '-6.169905253038752', '106.82440210116597', 'Saung Iusto ex facere.', 25, 420000, 8, 'Explicabo enim magni assumenda. Placeat sit et error quisquam. Excepturi qui omnis eos rem aliquid. Quo facere molestiae laboriosam quis perspiciatis. Id facere minima officia incidunt necessitatibus possimus. Saepe et sit numquam doloribus. Vitae beatae debitis rerum beatae non odio aut. Saepe unde occaecati iste distinctio. Consequatur reiciendis doloribus occaecati cumque omnis neque et. Recusandae id iusto ratione et fugit molestias mollitia. Eaque aut illum quidem. Totam qui asperiores tenetur mollitia quis eum. Non impedit dolores vel velit optio asperiores id. Ipsa ab molestiae dolor nam.', '2020-04-19 10:16:00', '2020-04-19 10:16:00');
INSERT INTO `kos` (`id`, `id_pemilik`, `alamat`, `lat`, `lng`, `judul`, `luas`, `harga`, `pintu`, `keterangan`, `created_at`, `updated_at`) VALUES
('94e5eebcd92b9708ced81a1e920155cf', '9793ad5957afa26e2ccead062a41b4d2', 'Ds. Ters. Kiaracondong No. 370, Banjar 95725, Bengkulu', '-6.169905253038752', '106.82440210116597', 'Penginapan Sed iure.', 19, 1040000, 1, 'Dignissimos optio et atque harum in unde dolor quidem. Consequatur nesciunt eos delectus non autem deserunt sed. Aperiam ipsum quia dolor. Quae dolorum voluptas dolor in. Vero quis aperiam exercitationem eum voluptate minima. Molestias earum et laborum. Voluptas repudiandae enim similique rem. Quia omnis tempora adipisci voluptas inventore praesentium velit voluptatem. A quisquam quas corrupti et praesentium aperiam qui. Tenetur sapiente qui aut aut. Asperiores veritatis optio molestiae dolore facilis repudiandae sunt quia. Ipsum error occaecati aut voluptatem neque quas nobis nostrum. Ut fuga voluptatibus autem qui sapiente quaerat. Tenetur earum nisi quas excepturi. Eius nesciunt libero qui aperiam suscipit.', '2020-04-19 10:16:01', '2020-04-19 10:16:01'),
('96138b79ab0adeee4eabb583dca6264a', '9793ad5957afa26e2ccead062a41b4d2', 'Dk. Nakula No. 950, Semarang 70865, BaBel', '-6.169905253038752', '106.82440210116597', 'Rusun Labore explicabo odio.', 17, 600000, 5, 'Rerum modi sunt suscipit eum. Culpa et atque officiis. Nisi et quia qui non. Quis qui quia rem eos. Repellendus repellat et nihil eum illum voluptatem. Deleniti asperiores eveniet molestiae sint cumque et voluptates quasi. Quisquam perferendis placeat neque autem quibusdam. Aut autem enim harum odit omnis consequuntur autem. Dolore consequatur doloremque qui ut. Tenetur temporibus tenetur esse quidem fuga ut. Sunt laudantium quam similique cumque. Vitae asperiores dolore quasi quia quia. Cupiditate molestiae eveniet sed voluptatem deleniti sunt. Reprehenderit provident ut in in voluptas et blanditiis. Voluptatem molestiae est veritatis tempore dolore dolore alias expedita.', '2020-04-19 10:16:00', '2020-04-19 10:16:00'),
('964810c41335c466467328901b6042c8', '9793ad5957afa26e2ccead062a41b4d2', 'Dk. B.Agam 1 No. 798, Manado 14956, JaBar', '-6.169905253038752', '106.82440210116597', 'Kos Sit aut velit.', 17, 250000, 2, 'Deserunt omnis illum tempora. Vitae perferendis quasi dignissimos ea dicta. Consequatur aliquam numquam atque nobis aut dolor. Tempore nobis sunt sapiente quos. Quis officiis debitis et officia temporibus. Quaerat architecto voluptatem id ut dolorem ullam id. Soluta vel et accusantium et illo sunt rerum totam. Sit libero voluptatibus dolor voluptate. Aliquid soluta in adipisci qui necessitatibus provident accusamus. Numquam porro repellat quas. Sed doloremque dolorum repellat sed. Numquam est minima numquam soluta ad labore. Animi est ut esse culpa magni voluptas. Est rerum voluptatem praesentium eius ut ut laborum. Vel dolore voluptas ut. Ut saepe aut sunt tenetur totam a. Veniam ea quos sed placeat. Fugit nostrum dolore eaque.', '2020-04-19 10:16:01', '2020-04-19 10:16:01'),
('9d6dbf5c2eebae32a590f149455d245f', '9793ad5957afa26e2ccead062a41b4d2', 'Jln. Bagonwoto  No. 613, Prabumulih 54533, KalTim', '-6.169905253038752', '106.82440210116597', 'Apartemen Odit aut quos.', 14, 1360000, 4, 'Cupiditate sunt totam et officiis distinctio voluptatem. Vel rerum quaerat doloribus natus aut est. Alias similique hic porro quia. Nulla dolorem officiis quas temporibus ducimus non. Quasi impedit repellendus voluptatibus quisquam sunt reprehenderit voluptatibus. Commodi pariatur beatae non consequatur perspiciatis. Placeat magni id culpa vitae sed incidunt. Inventore libero rem tempora. Dolorem laboriosam amet temporibus tempora. Fuga natus rerum ut in suscipit dolore. Autem totam non molestiae iusto vel. Qui qui et id vel. Maiores asperiores laborum asperiores quibusdam. Qui fugit dolores ipsum hic sit et odit provident. Et reiciendis consequuntur incidunt quasi.', '2020-04-19 10:16:01', '2020-04-19 10:16:01'),
('a2d4f7670d5c0e3603be4ba39c6820b9', '9793ad5957afa26e2ccead062a41b4d2', 'Psr. Juanda No. 379, Surabaya 61672, SulTeng', '-6.169905253038752', '106.82440210116597', 'Hotel Rerum quia.', 10, 530000, 4, 'Recusandae eaque qui fugit doloremque. Vel deleniti unde earum fugit. Labore ratione totam iure dicta voluptatem. Quasi id voluptatem nam nulla corrupti. Ea mollitia quis repellendus molestiae repellat repellendus et dolorem. Similique molestiae pariatur aspernatur pariatur sed similique molestiae sed. Est sint aliquam sint accusantium sunt est. Temporibus enim minus aliquid non quia vel itaque. Quo et vel ea est. Non ut soluta soluta minus. Molestiae fuga molestiae hic culpa voluptatem optio labore. Placeat saepe asperiores placeat in. Iste nulla ea tenetur voluptate iste.', '2020-04-19 10:16:00', '2020-04-19 10:16:00'),
('a36bd56b96a58f02ed067a9f8cfc05a4', '9793ad5957afa26e2ccead062a41b4d2', 'Gg. Sam Ratulangi No. 233, Surakarta 54589, KalTim', '-6.169905253038752', '106.82440210116597', 'Apartemen Ut omnis.', 18, 1530000, 5, 'Nulla quia a eum consequatur. Quia impedit sed aspernatur sunt omnis voluptas nisi. Exercitationem nihil nobis voluptatem nemo enim. Atque ex velit consequatur. Porro quia eos illum. Sit hic et sed velit. Nemo architecto est quia labore doloremque placeat rerum. Porro reprehenderit et id. Maxime eum corrupti dolores commodi ea nobis id. Explicabo et laborum consectetur repellat. Ex ut culpa cumque hic. Rerum vitae aperiam harum voluptatibus. Et libero eveniet iure accusantium. Dolores ut facere unde nulla tenetur corporis nesciunt. Porro similique dolorem aperiam et aut amet expedita. Dolor rem et modi est quos nam ea.', '2020-04-19 10:16:01', '2020-04-19 10:16:01'),
('a5f42d8ee2567a901ef418443cdba281', '9793ad5957afa26e2ccead062a41b4d2', 'Dk. Nakula No. 244, Kupang 55350, JaTeng', '-6.169905253038752', '106.82440210116597', 'Kosan Corrupti harum.', 17, 1460000, 3, 'Non vel ipsa eveniet quia sit. Officiis vitae ducimus fuga deleniti rerum. Id saepe minima quaerat eligendi nisi. Earum id sint quam est aut. Qui quia nisi est totam molestiae. Voluptates placeat facilis est voluptate ut. Sed quam suscipit aliquid iste repellendus non iusto. Dignissimos tempora ut non nihil quasi maiores deserunt. Voluptas in voluptatum rerum reiciendis ut dicta fugit in. At qui dolorem et corrupti. Fuga cum ad nobis qui corrupti. Nemo consequatur accusantium perferendis et. Sit qui illum laudantium. Inventore odit aliquid enim eveniet. Voluptate facilis vitae reprehenderit doloremque rerum corporis. Praesentium voluptas consequuntur unde adipisci voluptates.', '2020-04-19 10:16:00', '2020-04-19 10:16:00'),
('a68986d8cab71a16d73a1c5b622d7587', '9793ad5957afa26e2ccead062a41b4d2', 'Gg. Abdul. Muis No. 499, Manado 53916, SulBar', '-6.169905253038752', '106.82440210116597', 'Kos Officiis ut.', 10, 230000, 3, 'Aut natus et natus nesciunt. Aut fugit unde a unde mollitia quia. Est facere ex ea optio illo facere numquam sit. Magni repudiandae hic cum veritatis. Expedita assumenda qui vel enim omnis temporibus. Voluptatem ipsa corrupti voluptates et tenetur ipsa. Vitae sunt laboriosam ducimus qui. Et velit dignissimos facere. Facilis magni vel in sunt sapiente sint. Excepturi neque est aut totam modi porro. Nulla ut quae perferendis molestiae maxime. Rem placeat sed est sit. Ipsa dolor consequuntur nemo. Rerum est in qui neque velit. Tempora rerum velit necessitatibus esse delectus eum. Enim sit iure vel tempora quam et. Quae earum exercitationem perspiciatis sed aut. Qui et esse nihil. Architecto doloremque sed ullam magnam aut qui.', '2020-04-19 10:16:01', '2020-04-19 10:16:01'),
('aa0ddbae1f760682f616672bfeaf67d2', '9793ad5957afa26e2ccead062a41b4d2', 'Jr. Bakau No. 524, Denpasar 41358, SumSel', '-6.169905253038752', '106.82440210116597', 'Kosan Sint omnis unde.', 17, 380000, 6, 'Odit incidunt consequatur nesciunt nemo molestiae fuga deleniti sed. Repudiandae voluptatem sunt et molestias aperiam. Minus vitae quod tempora dolores quo. Asperiores officia tenetur quisquam. Corrupti nemo rem magnam minus quia ipsam pariatur. Sequi maxime consequatur quisquam velit. Explicabo ducimus fugiat ut accusamus est. Rem non similique maxime aperiam voluptatem dolor quibusdam. Iusto sunt voluptatem est. Magni dolores architecto accusamus sit. Quo repudiandae harum error dolor. Distinctio enim quidem suscipit perferendis. Repudiandae quo voluptatibus temporibus dolorem. Eos et perferendis eos ipsum dolorem tenetur non. Optio et sequi sit aspernatur nihil esse hic atque. Architecto omnis fuga sed neque.', '2020-04-19 10:16:01', '2020-04-19 10:16:01'),
('ab3c649807e92ee0f96b673cf98ed07f', '9793ad5957afa26e2ccead062a41b4d2', 'Jr. Taman No. 945, Tegal 23286, KalSel', '-6.169905253038752', '106.82440210116597', 'Saung Iusto necessitatibus architecto.', 11, 1080000, 5, 'Officia quas dolores quis quia quaerat repudiandae. Sunt iure ut voluptatum. Nesciunt facilis tenetur adipisci similique similique non id. Ut modi id suscipit et. Adipisci vel ea nisi et voluptatem consequatur ut. Voluptate tempora accusamus qui eum. Fugit quod debitis dolorum molestiae quia placeat. Sit doloremque consectetur nisi nihil. Fugit ea animi et. Similique eos eos perspiciatis rem. Nobis nulla necessitatibus sit reiciendis consequuntur eos. Ut laboriosam doloremque fuga. Provident expedita dolorum et corrupti iure cum magni. Tempore enim tenetur maiores nostrum quia.', '2020-04-19 10:16:00', '2020-04-19 10:16:00'),
('aec5c0aa5cd0d6c25c6a4c211e677412', '9793ad5957afa26e2ccead062a41b4d2', 'Ki. Barat No. 995, Sukabumi 47436, NTB', '-6.169905253038752', '106.82440210116597', 'Rumah Dolorem facilis eius.', 21, 1210000, 2, 'Minus nulla sunt voluptates itaque adipisci. Qui vel eius quos et voluptates reiciendis maxime. Autem occaecati quisquam aut sed. Ullam itaque quam sit qui consectetur qui. Quaerat odio quasi ut dolorem. Explicabo eaque officia et quis. Voluptate placeat molestiae ipsa eaque dolorem voluptas. Dolores saepe est aliquid qui laboriosam doloremque inventore. Ut quod dolor rerum explicabo. Est est est necessitatibus esse molestiae. Impedit ut nesciunt quis culpa totam sequi. Sint laudantium voluptatem pariatur sunt et. Aliquam excepturi voluptas amet aliquam at. Inventore sit id voluptatibus. Non id atque est illo corrupti optio. Vero sunt libero optio ut.', '2020-04-19 10:16:01', '2020-04-19 10:16:01'),
('af33f58ce5a1d19c8fafd0a880f96626', '9793ad5957afa26e2ccead062a41b4d2', 'Jr. Pasteur No. 105, Serang 45276, SulTeng', '-6.169905253038752', '106.82440210116597', 'Kosan Esse minus facilis.', 24, 830000, 3, 'Esse et qui enim doloremque temporibus quis. Ut quia quidem ut accusamus aliquam culpa ut corporis. Rerum unde neque voluptates nobis non voluptate. Aut aut facere est non omnis aut itaque dolorum. Ut laboriosam aut harum saepe iure architecto. Corporis voluptatibus reprehenderit qui voluptas provident et ex. Ex accusamus vitae aut deserunt quisquam aliquid. Odio repellendus sequi eveniet ut necessitatibus aut labore. Impedit molestiae laborum voluptatem minus aspernatur facere. Autem facere aliquid asperiores. Deleniti sit iusto aut saepe voluptatem voluptatum dignissimos. Rerum aut qui ut provident laborum nulla et. Facere quo aut alias nostrum suscipit quae. Omnis eaque aut quisquam quaerat aut fuga veritatis voluptatibus.', '2020-04-19 10:16:01', '2020-04-19 10:16:01'),
('af3ecee60822902411ff358412558615', '9793ad5957afa26e2ccead062a41b4d2', 'Jln. Ciumbuleuit No. 122, Padang 38347, MalUt', '-6.169905253038752', '106.82440210116597', 'Perumahan Aut nisi aut.', 23, 1130000, 1, 'Quidem omnis blanditiis voluptatum dignissimos laborum. Iure accusantium et saepe necessitatibus at. Saepe earum perspiciatis accusantium aperiam. Dolorem in doloremque dolore nostrum. Quod sequi possimus deleniti doloribus itaque suscipit ipsam. Veniam porro qui odit reprehenderit consectetur voluptatem enim et. Consectetur molestias et nesciunt suscipit amet qui. Consequuntur omnis qui numquam. Repudiandae qui dolorum nemo fugit rerum. Sint voluptatum tempore culpa nostrum reiciendis dolor qui. Atque tempora et ad et. Ullam architecto fugiat dolore ut. Eum fugit natus dolorem rerum aut ipsam debitis sit. Ea consequatur voluptas veniam quo perspiciatis deleniti magni. Aut voluptatem recusandae consequatur soluta.', '2020-04-19 10:16:01', '2020-04-19 10:16:01'),
('b505c18a9eb8d702908a363bbefa9bf9', '9793ad5957afa26e2ccead062a41b4d2', 'Psr. Ters. Pasir Koja No. 959, Depok 15972, SumUt', '-6.169905253038752', '106.82440210116597', 'Sewa Veritatis sed.', 10, 270000, 2, 'Officiis vero dolorem illum non id. Recusandae et quaerat et rem et ea quas. Laborum repellat autem aperiam non. Dignissimos voluptatum quam ratione voluptas est est corporis sapiente. Aliquam fuga et et enim. Repellat dolore adipisci soluta qui porro. Occaecati repellat a ab rem eveniet. Eveniet ea exercitationem consequatur minima. Rerum dolor error est laboriosam. Explicabo earum veritatis sit iusto at aliquam aliquid. Omnis ut sed eaque quia illum dolor consequatur. Velit omnis repellat dolores alias aliquam. Quaerat expedita qui aperiam occaecati sit. Doloremque non veniam sed quidem ipsam repellat tempore. Porro quia perferendis aperiam perferendis eos voluptatem eos.', '2020-04-19 10:16:00', '2020-04-19 10:16:00'),
('b63ac2914a16ff2fbc7076941d9501ec', '9793ad5957afa26e2ccead062a41b4d2', 'Ki. Wahid No. 779, Bontang 88908, SulSel', '-6.169905253038752', '106.82440210116597', 'Saung Tenetur sint.', 21, 490000, 2, 'Quis accusamus est deleniti laborum. Illum error excepturi minima incidunt. Laudantium quis laudantium nobis neque molestiae. Repellendus omnis eveniet maiores magni et repellat officiis. Doloribus quidem ullam voluptas adipisci. Velit laboriosam ut fuga est totam sit at. Delectus dolorem velit laudantium error quis provident nesciunt. Laborum et ipsam suscipit praesentium exercitationem similique ut. In voluptatum cupiditate laborum sit totam totam qui quas. Veniam quia maiores numquam unde voluptas. Labore quis dolor pariatur vel minus voluptatem facilis. Debitis esse reiciendis vel dolorem iusto sed. Tempore ullam voluptates quam dolor qui. Quia blanditiis deleniti beatae cumque. Quam repellat dolor nobis consequatur expedita.', '2020-04-19 10:16:01', '2020-04-19 10:16:01'),
('b69c8fd5e2d0407dcbc80adf9214d68f', '9793ad5957afa26e2ccead062a41b4d2', 'Dk. Tubagus Ismail No. 350, Administrasi Jakarta Selatan 29379, BaBel', '-6.169905253038752', '106.82440210116597', 'Kos Aut qui quia.', 17, 740000, 2, 'Sed possimus aliquam est voluptatibus et. Dolorum ullam ab aperiam error rem aut. Provident suscipit perspiciatis dolor. Non quis aut eos porro aperiam tempore eum eum. Sapiente modi rerum repellendus aliquid est occaecati dolor molestias. Inventore cum est inventore quis accusamus delectus alias. Voluptate itaque consectetur ut et voluptas omnis est. Qui facere fuga rem tempora consequatur. Debitis quis ullam maxime voluptatem. Et necessitatibus voluptatem libero praesentium soluta laboriosam. Qui officiis qui quia enim amet quasi molestiae. Ut deserunt deserunt voluptatem adipisci adipisci nam voluptatem. Nemo voluptas sint similique nihil.', '2020-04-19 10:16:01', '2020-04-19 10:16:01'),
('b6e28458023d269d1014be87b4e2d6a6', '9793ad5957afa26e2ccead062a41b4d2', 'Kpg. Yos Sudarso No. 993, Tomohon 70539, Banten', '-6.169905253038752', '106.82440210116597', 'Kos Totam cupiditate.', 25, 1190000, 3, 'Nihil ad quis voluptatem libero unde debitis necessitatibus. Facilis dolorum ratione quae omnis est atque nostrum. Voluptatem commodi quia rerum voluptate. Accusantium sint exercitationem nostrum dolorem consectetur. Veritatis ipsam ex expedita eos est. Ut eligendi laborum quasi itaque nobis. Cupiditate exercitationem autem autem a qui est. Corrupti aut velit exercitationem optio deserunt laboriosam. Doloribus ullam at exercitationem consequatur hic optio. Sapiente eveniet provident aut ullam ut provident assumenda. Omnis magni tenetur molestiae dolore quos. Aut amet aut maiores commodi. Et quidem doloribus voluptatem quia libero. Ut animi eum necessitatibus dolor id voluptas voluptas nam.', '2020-04-19 10:16:00', '2020-04-19 10:16:00'),
('b7a7d008733efd76439b9e1488bfc94f', '9793ad5957afa26e2ccead062a41b4d2', 'Jln. Ujung No. 723, Administrasi Jakarta Selatan 55213, SumSel', '-6.169905253038752', '106.82440210116597', 'Hotel Et et quia.', 25, 1760000, 5, 'Quibusdam asperiores excepturi atque ea quis ab voluptate. Aut ipsum repellat aut consequatur dignissimos blanditiis velit consequatur. Est vel debitis tenetur rem aperiam adipisci nobis. Delectus iste et facilis aut deserunt dolorem corporis. Nihil sed sunt possimus repellat dolorum quasi ducimus. Ut quae nobis rerum dolores. Quos doloribus nesciunt architecto et amet consequatur. Aut alias voluptatum fugiat esse iste eaque voluptas voluptatem. Ut est ut maiores et et aut ea. Debitis a et eos commodi fugiat sit. Ratione iusto sit sint aut ut atque quod. Voluptate quis dicta qui corrupti quia saepe omnis. Magni voluptas praesentium ut provident rerum. Animi similique laborum ex iusto et.', '2020-04-19 10:16:01', '2020-04-19 10:16:01'),
('b9ce589dc5fa519275724587445c82c0', '9793ad5957afa26e2ccead062a41b4d2', 'Dk. Banda No. 351, Batam 26415, KepR', '-6.169905253038752', '106.82440210116597', 'Saung Nihil in.', 10, 340000, 5, 'Ratione neque incidunt consequatur sit aut. Numquam veritatis mollitia est explicabo totam eos ut. Perferendis officiis facere provident dicta quos sit eaque. Non enim labore ipsum veniam voluptate. Rem voluptate qui distinctio ipsam delectus consequuntur. Minus sequi esse est consequuntur. Cupiditate consequatur velit maxime delectus in nihil. Voluptatem minima ea id perspiciatis. Nesciunt repellat sunt vel tempore perspiciatis veniam. Eveniet quis porro harum corrupti. Pariatur consequatur atque animi quod. Nobis expedita officia ipsam quis. Cum est eaque dolor ipsam dolor ea. Possimus quidem et officia qui commodi consequatur quo vitae.', '2020-04-19 10:16:00', '2020-04-19 10:16:00'),
('baf5933a21098c5c8240f8d8926a0700', '9793ad5957afa26e2ccead062a41b4d2', 'Kpg. Adisumarmo No. 889, Serang 10181, KepR', '-6.169905253038752', '106.82440210116597', 'Kontrakan Neque esse.', 21, 940000, 3, 'Quia quas vel eum commodi. Qui repellat ad laudantium autem nihil. Expedita veniam doloremque dolorem fugiat. Perferendis et ipsum voluptas voluptas minus. Alias ut et sed repudiandae voluptatem. Quasi culpa optio laboriosam itaque aliquam fugiat ipsum. Omnis libero numquam qui sed earum odio quos. Laboriosam labore ea natus tempora. Est dolore velit omnis eius inventore. Ipsam fuga mollitia nemo eos nihil ea totam cupiditate. Possimus voluptas possimus delectus adipisci. Maxime laboriosam est provident consequuntur mollitia voluptas itaque fugit. Dolor corporis enim eligendi magni. Quo aut commodi pariatur eum. Consequatur impedit sed voluptas id.', '2020-04-19 10:16:01', '2020-04-19 10:16:01'),
('bd8c546c4330b14cae125146d3ca947b', '9793ad5957afa26e2ccead062a41b4d2', 'Ds. Lembong No. 893, Bima 41992, Banten', '-6.169905253038752', '106.82440210116597', 'Kosan Optio suscipit nostrum.', 23, 1820000, 2, 'Autem ducimus corrupti eligendi voluptas et consequatur rem. Suscipit alias hic animi velit. Ea eius sit rerum et aut reiciendis rem aut. Inventore reprehenderit qui sit provident rerum ut optio. Dolorem rerum quibusdam voluptatum occaecati magnam. Quam itaque et magni qui. Qui at quam debitis fugiat debitis cumque. Ea eius pariatur sit quo nam. Velit corporis ipsa et hic inventore. Eum illum dolor totam odio qui ipsa aperiam. Rem aliquam optio cupiditate ut rem. Fugiat eveniet ut facere aliquid repellat sunt voluptatum. Qui quod ut laboriosam ducimus. Molestias rerum enim et qui quisquam iste. Amet quam a repudiandae ad voluptas qui. Veniam nisi laudantium nisi aut.', '2020-04-19 10:16:01', '2020-04-19 10:16:01'),
('c0e25c49024f5a85b15e8aa25cdfcbc0', '9793ad5957afa26e2ccead062a41b4d2', 'Psr. Sunaryo No. 865, Tomohon 57353, JaTim', '-6.169905253038752', '106.82440210116597', 'Rumah Perspiciatis accusantium.', 17, 270000, 1, 'Rerum tempore soluta odio hic magni quia. Aliquam expedita culpa delectus voluptatibus aliquid. Magnam ullam voluptas sequi. Ducimus quaerat corporis sit quas tenetur distinctio. Tempora adipisci consectetur aut repellendus inventore. Quo nobis incidunt cupiditate. Ea pariatur odio qui eveniet quia ea. Accusamus et saepe asperiores vel. Blanditiis earum magni tenetur autem. Nisi molestiae exercitationem modi blanditiis. Quia sed deserunt numquam magni dolorem ipsa. Sunt repudiandae saepe ut optio pariatur culpa est. Fuga quia consequuntur ab vel quis. Laboriosam et magni vel aperiam quis.', '2020-04-19 10:16:00', '2020-04-19 10:16:00'),
('c1dbd39c60a9295ce603f60b9f1c5c44', '9793ad5957afa26e2ccead062a41b4d2', 'Gg. Nakula No. 884, Metro 53106, JaTim', '-6.169905253038752', '106.82440210116597', 'Sewa At facere.', 16, 1700000, 1, 'Sed sit sequi aliquid temporibus autem. Quidem voluptas qui ipsa. Occaecati laborum dolorem molestias sed nobis et sint. Eligendi assumenda sapiente necessitatibus repudiandae mollitia qui. Qui quae qui officiis quia. Quo et officia rerum tenetur modi corporis. Itaque illo odit omnis voluptatem sed nemo. Voluptatem velit dignissimos corporis blanditiis consequuntur. Aut natus architecto velit consequatur aliquid qui illum. Perspiciatis magnam corporis ut voluptas atque blanditiis vitae iste. Quaerat consequuntur autem non qui nulla minus. Ab eligendi sunt rem itaque eos nam dignissimos. Perferendis beatae ea id voluptatibus. Laboriosam facilis quia aut libero veritatis.', '2020-04-19 10:16:01', '2020-04-19 10:16:01'),
('c304c9213c59909d2633a9b772f47808', '9793ad5957afa26e2ccead062a41b4d2', 'Ki. Pattimura No. 941, Administrasi Jakarta Pusat 57050, Papua', '-6.169905253038752', '106.82440210116597', 'Penginapan Suscipit et aliquam.', 22, 870000, 3, 'Corporis voluptas facilis alias iure voluptatem debitis quam. Illo exercitationem laudantium provident facilis nemo totam aliquam. Sint incidunt cum occaecati. Praesentium assumenda quos aspernatur aspernatur voluptatibus sint. Sit vitae alias architecto aut assumenda ut est. Dolor nulla in voluptas iure pariatur impedit. Debitis dolorem voluptas voluptatibus ut quod est. Quia aut dolor cum fugit harum. Et et delectus voluptas quia. Provident illum a omnis dolores fuga enim. Similique dicta reiciendis sequi. Voluptatem deserunt et sed iure. Assumenda iure ad quibusdam pariatur dolores repellat.', '2020-04-19 10:16:01', '2020-04-19 10:16:01'),
('c3faeec69f9f2d58ff9d4750133352b9', '9793ad5957afa26e2ccead062a41b4d2', 'Kpg. Yosodipuro No. 922, Bima 49952, SumSel', '-6.169905253038752', '106.82440210116597', 'Perumahan Voluptatem architecto excepturi.', 15, 1510000, 8, 'Est non eum animi et quae ad animi neque. In neque voluptatibus doloremque sint repellendus qui. Quos doloremque voluptatum enim ut consectetur. Id in enim numquam blanditiis quis repellat repudiandae. Aliquid eum cum possimus sed quia nobis fuga sed. Nihil voluptatem praesentium perspiciatis cumque et ea eaque nihil. Dolorem vel cum velit dolores. Temporibus illo sint inventore deleniti rerum nihil. Magnam nulla aut consequatur et explicabo fugiat est. Voluptatem saepe saepe doloribus amet. A beatae ea ad ut est recusandae. Assumenda ipsa vero sequi error. Alias vero aut dignissimos nulla a nesciunt. Ratione officiis porro consequatur saepe qui.', '2020-04-19 10:16:01', '2020-04-19 10:16:01'),
('c610ed65fa013682c98f6152eaa0b230', '9793ad5957afa26e2ccead062a41b4d2', 'Jr. Kali No. 95, Palopo 24927, SulTeng', '-6.169905253038752', '106.82440210116597', 'Kontrakan Reiciendis qui.', 18, 1120000, 8, 'Veniam qui dolorum saepe et velit. Nihil quasi totam reprehenderit debitis quidem voluptatum. Reiciendis quia consequuntur qui. Totam cum nostrum sed rerum assumenda. Fugiat rerum velit ab molestias et. Voluptates aliquam voluptas aut voluptas magni. Voluptate non repellat esse beatae. Perferendis rerum ipsa eius autem praesentium velit quae. Voluptatum nemo est porro unde est. Rerum et quia ipsam magnam. Quia error ea qui non voluptas expedita ab. Explicabo soluta aperiam sunt perferendis iure laborum omnis aut. Quaerat velit et blanditiis. Laborum quae dignissimos omnis non harum aut. Dolores qui magnam eos reprehenderit quia ducimus qui. Et tempore assumenda esse omnis harum voluptas.', '2020-04-19 10:16:00', '2020-04-19 10:16:00'),
('c808737fc7aa6521d59eb4cff5160fa6', '9793ad5957afa26e2ccead062a41b4d2', 'Kpg. Tambun No. 973, Depok 24187, Lampung', '-6.169905253038752', '106.82440210116597', 'Kosan Fuga eligendi.', 22, 1970000, 7, 'Facilis delectus quia omnis enim molestias occaecati dolorum. Autem recusandae iusto et omnis quae porro cum. Quia ratione modi possimus cumque corrupti. Rem ullam quos debitis. Consequatur ipsum illo ea ad eveniet. Optio alias quibusdam qui recusandae. Vero consectetur repellat est quia. Qui voluptatem aut temporibus neque suscipit iure sed pariatur. Qui dolorem laboriosam tenetur. Amet officiis eius repellendus repellat asperiores et eveniet. Totam amet et nulla modi rem soluta necessitatibus. Libero dolores tempore similique. Exercitationem dignissimos aut ipsa. Voluptas nesciunt dolore ipsa fuga ut.', '2020-04-19 10:16:01', '2020-04-19 10:16:01'),
('c9d8ee5494b3d9bfb6b8562964a5746c', '9793ad5957afa26e2ccead062a41b4d2', 'Jln. Baranang No. 539, Salatiga 78073, SumUt', '-6.169905253038752', '106.82440210116597', 'Rumah susun Aliquam nam.', 19, 1610000, 4, 'Sint et magnam dolores deserunt illo velit eum. Deserunt dignissimos sed qui possimus. Officiis reiciendis harum quia. Aut maxime est qui omnis ipsa. Est id ea rerum voluptas. Aut accusantium magni dolor quidem ducimus. Magnam qui et eaque maiores. Et ut tempora minus placeat eligendi praesentium velit repellendus. Neque et veritatis minus id ut. Similique nesciunt blanditiis maxime corrupti rerum placeat et veritatis. Qui repellendus mollitia illo itaque. Voluptas consequatur voluptates omnis rerum. Velit vitae velit ipsam architecto saepe voluptatem. Ut in et quod quaerat odio sunt reprehenderit recusandae. Tempore velit nihil quia non repellendus et.', '2020-04-19 10:16:01', '2020-04-19 10:16:01'),
('cb2982be0e6146fe8a6fef3d1eb3d327', '118445e44ad0b0dba7c292988d977632', 'Dk. Arifin No. 241, Malang 67762, DKI', '-6.169905253038752', '106.82440210116597', 'Hotel Quis rem.', 18, 880000, 7, 'Quos et officia debitis voluptate laudantium voluptatem explicabo. Sed in eligendi sequi aut sed aut et sed. Vero dicta reprehenderit ipsa ipsum animi autem nobis adipisci. Temporibus expedita reprehenderit praesentium laboriosam. Qui omnis quos est eos dolorem. Eius qui voluptas praesentium quod accusamus. Odit eligendi similique excepturi voluptas saepe omnis. In tenetur voluptas vel dolorem iure dicta et perferendis. Eos ut qui voluptatibus qui delectus cum nulla magnam. Amet sed nulla repellat in totam dignissimos debitis. Sit qui cum dolorem iure rem assumenda. Et sequi quis accusamus officiis dolorum quasi. Error at adipisci aperiam eum in distinctio dolores. Ut rerum aut maiores quibusdam repudiandae aut quia.', '2020-04-19 10:16:01', '2020-04-19 10:16:01'),
('ce489600831887c51288eaac26203d6f', '118445e44ad0b0dba7c292988d977632', 'Jr. Sunaryo No. 239, Magelang 56787, KepR', '-6.169905253038752', '106.82440210116597', 'Kontrakan Reiciendis quae praesentium.', 24, 1940000, 3, 'Et ab et quo maxime. Aliquam est ex culpa consequatur omnis est incidunt. Accusantium est maiores necessitatibus autem. Illum quia in consectetur nam. Quis libero et voluptas id quisquam aliquid. Possimus et magni odit. Excepturi numquam facilis et et doloremque assumenda tempora. Fuga hic iusto non reprehenderit voluptatem quisquam. Itaque voluptatum est id eligendi amet consequatur. Repellendus rerum distinctio accusamus facilis iusto reiciendis. Architecto magnam itaque amet quod odio facere omnis voluptatem. Harum adipisci facere error dignissimos qui modi. Sint facilis sapiente inventore necessitatibus ab dolor.', '2020-04-19 10:16:00', '2020-04-19 10:16:00'),
('ce9e2d2300d6cdd862f3066e7adf6394', '118445e44ad0b0dba7c292988d977632', 'Psr. Panjaitan No. 275, Mojokerto 51548, JaTeng', '-6.169905253038752', '106.82440210116597', 'Kos Dolore adipisci.', 22, 1640000, 7, 'Exercitationem sit provident sequi repellendus animi. Corrupti ad molestiae ut excepturi. Adipisci omnis occaecati iure exercitationem quisquam quaerat. Nihil ut incidunt maxime autem beatae quia odit neque. Perferendis id tempora nihil impedit. Doloribus labore ut et non nihil voluptatem cumque eveniet. Est quam quam iste ipsum. Deleniti explicabo neque qui neque harum voluptatem. Explicabo dicta adipisci ea voluptatem omnis ab sed. Occaecati sed unde reiciendis voluptas. Commodi doloribus vero accusantium alias enim ea quas. In qui provident dolores quo ipsa est tempore et. Adipisci tenetur odio accusantium voluptas rerum dolore. Officia aut error alias dicta possimus quia rerum. Sit itaque consectetur deserunt consequatur.', '2020-04-19 10:16:01', '2020-04-19 10:16:01'),
('cf3d77feaa45c9f740ef3122c737b13c', '118445e44ad0b0dba7c292988d977632', 'Ds. Radio No. 572, Makassar 28086, Aceh', '-6.169905253038752', '106.82440210116597', 'Saung Blanditiis provident dolores.', 15, 1040000, 5, 'Iusto sint veniam consequatur a distinctio facilis quibusdam. Quae voluptate et similique unde nisi asperiores maiores. Corporis aut ut tempore amet. Provident ipsa libero eum voluptate. Ut iure distinctio maxime similique. Est sequi consequatur placeat officiis aut harum. Ex quibusdam repellat omnis saepe dolor quisquam qui. Aut quia voluptate fugit. Neque ut dicta velit repellendus. Reiciendis facilis nam eius quo. Odio aperiam excepturi sit. Corporis laborum repudiandae nobis. Non vel libero quisquam consequatur.', '2020-04-19 10:16:01', '2020-04-19 10:16:01'),
('d203f39ec828f75012fc581d7cffc4c9', '118445e44ad0b0dba7c292988d977632', 'Ds. Bakaru No. 942, Sawahlunto 19773, DIY', '-6.169905253038752', '106.82440210116597', 'Rumah susun Alias alias.', 21, 260000, 6, 'Maiores voluptatem cupiditate rerum adipisci eum repellendus qui voluptas. Dicta repellendus quae inventore. Earum reiciendis ipsa maiores suscipit et officia. Eum assumenda alias et repellat fugiat deleniti dignissimos. Et sint asperiores recusandae sit pariatur. Excepturi et repudiandae beatae. Sed similique omnis cupiditate voluptates aut. Nihil consequatur est quam ad ab qui veritatis voluptate. Qui porro ut neque voluptatem quam consequuntur doloribus vel. Autem voluptates facilis et natus eaque deleniti quod eum. Dolores corrupti cumque est et maiores voluptate. Laboriosam ad facilis occaecati eos aperiam aspernatur. Beatae ut est maxime qui. Dolorem ex corporis voluptate omnis.', '2020-04-19 10:16:01', '2020-04-19 10:16:01'),
('d2f0a5e022add9679de26087d17ac466', '118445e44ad0b0dba7c292988d977632', 'Psr. Agus Salim No. 892, Lhokseumawe 88923, Jambi', '-6.169905253038752', '106.82440210116597', 'Rumah susun Ex iste dolorem.', 13, 1260000, 6, 'Quis sed soluta quis eaque quaerat iure facere. Facere rem consequatur velit alias incidunt eum. Odio qui debitis a aut recusandae. Pariatur ducimus facilis laudantium magnam qui veniam incidunt. Eaque autem eos consequatur dignissimos quas eum. Et illum non tempora dolorem. Aperiam quae at et excepturi labore. Voluptas velit id corrupti ut in est. Illo odit ad qui enim. Quia saepe vero quia dolorum ea porro. Facere facilis nisi sint a quis voluptatum. Suscipit mollitia ullam rerum dolore soluta qui ipsa. Aliquam aperiam dolore alias amet quis et qui. Nihil alias expedita tempora maiores. Aut ut hic non cum suscipit sed dolores sint.', '2020-04-19 10:16:00', '2020-04-19 10:16:00'),
('d3207c127a0d9645cd0b38c6b997e6e3', '118445e44ad0b0dba7c292988d977632', 'Ki. Lumban Tobing No. 195, Bima 39215, KalSel', '-6.169905253038752', '106.82440210116597', 'Rumah susun Omnis delectus.', 25, 1120000, 6, 'Vitae ut aut eveniet voluptas quia ea. Odio perspiciatis nobis accusantium cumque. Maxime hic atque pariatur consequuntur aut ut. Ut provident sit rerum ut nisi qui. Non sunt voluptatem officia rerum nulla. Amet non unde fugiat quo. Earum nesciunt magnam et. At magnam ullam soluta aut impedit corrupti aliquid. Magnam dolor et qui qui qui. Aut sit omnis omnis ut omnis. Voluptatem possimus aliquid qui architecto voluptatem. Et illo vel non voluptatem voluptate ut ut. Quis aperiam consequuntur adipisci consequatur provident quo vero. Ut quis quo pariatur assumenda cum itaque non.', '2020-04-19 10:16:00', '2020-04-19 10:16:00'),
('d9fbec25e8643a55cd3430c7f1c0dd4b', '118445e44ad0b0dba7c292988d977632', 'Dk. Babadan No. 36, Tasikmalaya 61766, KalUt', '-6.169905253038752', '106.82440210116597', 'Sewa Iusto est.', 18, 1510000, 1, 'Animi ex vel deserunt dolorum odit qui. Et est est aut et odit saepe maxime. Sint dolor et et eligendi non odio. Fugiat vero sunt sequi pariatur. Dolor et ducimus ad possimus reiciendis. Aut tenetur omnis at corporis repellendus perspiciatis voluptas. Non aut totam et dolore quaerat rerum. Rerum dolores rerum quae. Eveniet tenetur et voluptate quia. Corrupti sunt incidunt accusamus expedita voluptates dolores dolorem. Qui et magnam est voluptatum et corrupti dolore. Pariatur et magni enim corporis. Autem modi ratione placeat earum. Esse magnam aut autem qui et hic. Est et praesentium voluptates cupiditate facere. Debitis aut velit dolorum quasi unde voluptas. Quod nihil laborum earum sit velit.', '2020-04-19 10:16:01', '2020-04-19 10:16:01'),
('da646f98005f4ea5c7fc4d5e79201af8', '118445e44ad0b0dba7c292988d977632', 'Gg. HOS. Cjokroaminoto (Pasirkaliki) No. 819, Pagar Alam 81773, NTT', '-6.169905253038752', '106.82440210116597', 'Rumah Rerum non.', 21, 1730000, 4, 'Nihil molestiae quis veritatis ex. Repellat nihil aut eligendi quasi dolorem. Cum earum veritatis qui sit occaecati dolorum. Magni nihil aspernatur commodi quam. Non nisi ipsam molestiae et sed consectetur quidem. Eius aut cupiditate dolorem non delectus fugiat molestiae inventore. Doloribus quam perspiciatis quis necessitatibus dolorum est labore dolorem. Sed sed officia accusamus asperiores quia. A id distinctio aut officiis asperiores earum. Impedit eum natus sint. Voluptas aut occaecati dolores laudantium et vel. Voluptatem dolore qui ratione cumque dignissimos. A quasi veritatis distinctio odit. Et perferendis doloribus numquam repudiandae voluptatem magnam.', '2020-04-19 10:16:00', '2020-04-19 10:16:00'),
('dbf3b25cb6b694458562a9584490ec4d', '118445e44ad0b0dba7c292988d977632', 'Kpg. Gotong Royong No. 622, Jayapura 92151, JaBar', '-6.169905253038752', '106.82440210116597', 'Rusun Architecto aut.', 22, 980000, 3, 'Impedit vero necessitatibus voluptates animi expedita numquam. Id non quasi voluptas assumenda quo. Qui rerum ut quaerat natus nisi aspernatur architecto enim. Expedita voluptas eum sunt ipsam. Dolor provident in autem id et. Sint sed voluptate dolores suscipit fuga amet voluptatem. Sapiente accusamus vero ratione dolorum explicabo. Quos vel itaque ipsa officiis. Itaque commodi quidem iure officiis repudiandae autem sit. Quidem dignissimos et officia dolorem neque aut corrupti quo. Ut dolorem provident magni excepturi praesentium nam.', '2020-04-19 10:16:01', '2020-04-19 10:16:01'),
('dc5260dc2df60aa0d1d0af1a82fc8edf', 'c2fceec783535683b9fdcdedc4c333a4', 'Dk. Baranang No. 67, Sungai Penuh 74811, SulUt', '-6.169905253038752', '106.82440210116597', 'Penginapan Eos incidunt dolorum.', 23, 1580000, 1, 'Recusandae voluptas possimus ut vel ut id dicta repudiandae. Sequi impedit porro non quo inventore. Eaque sed minima qui aliquid odit. Est repudiandae ad voluptatum recusandae omnis quia aut. Facilis voluptatem soluta aperiam labore voluptas. Dolorem dignissimos sequi reprehenderit vel. Animi vero aspernatur nisi atque non voluptatibus. Quibusdam voluptatem aspernatur et cumque dicta facere. Et necessitatibus fugit unde minus cupiditate eligendi. Molestiae aliquam dolor et aliquid cum sint. Velit amet voluptatem dolor provident enim. Sed voluptas magni placeat ut enim. Nisi illum cupiditate vitae et officia perferendis. Fugit quis est ut velit quo.', '2020-04-19 10:16:00', '2020-04-19 10:16:00'),
('dd2d83cf56d5e2e7f68522139dbce6ee', 'c2fceec783535683b9fdcdedc4c333a4', 'kasdkjasdljadljldjasljasladla', '', '', 'apartement 2 kamar', 20, 3200000, 3, '', '2020-05-01 14:21:53', '2020-05-01 14:22:21'),
('ddbead1ca15c9c12326968632a2272ed', 'c2fceec783535683b9fdcdedc4c333a4', 'Ki. Suryo Pranoto No. 752, Palu 98614, KalUt', '-6.169905253038752', '106.82440210116597', 'Penginapan Aliquam fuga.', 12, 310000, 3, 'Quisquam nemo qui omnis qui sed. Est sit est mollitia vitae et. Nam deserunt ipsum sapiente aut animi consequuntur. Qui est optio consequatur voluptatem ea. Sit aspernatur numquam doloremque earum impedit voluptatibus. Eveniet voluptatem aut quos sed quam itaque id. Occaecati maxime quia pariatur consequatur adipisci eligendi et. Et dolor qui deserunt voluptatem modi reprehenderit. Eum et odit qui suscipit. Et debitis dicta ut soluta officiis necessitatibus inventore. Dignissimos explicabo necessitatibus iste animi. Officia laborum fuga quisquam inventore voluptatem. Qui odio aliquam molestiae enim. Aut tenetur qui earum. Quibusdam cum dolorem laboriosam placeat aut sint quae.', '2020-04-19 10:16:01', '2020-04-19 10:16:01'),
('df213b90d5c0e101f0c19fa5e66e4803', 'c2fceec783535683b9fdcdedc4c333a4', 'Psr. Bakin No. 171, Bukittinggi 78707, SulSel', '-6.169905253038752', '106.82440210116597', 'Rumah Dolores temporibus rerum.', 21, 1410000, 6, 'Adipisci molestias ex error porro dolor. Voluptas voluptates numquam voluptatum modi. Quas voluptatem corporis blanditiis non expedita. Commodi facilis deserunt qui voluptatem rerum non veritatis. Neque ut voluptatibus harum eaque nostrum enim. Explicabo amet sint sunt eius voluptatibus officia nihil. Eos et eos eligendi mollitia tempora accusamus. Veniam laborum qui ipsa est omnis qui recusandae. Eos iste suscipit natus ut recusandae. Eum quas eos odio est cum magnam dolorem. Officiis alias aut et quo occaecati consequatur. Voluptates atque magni quia adipisci et eos. Qui ut rerum illum provident pariatur. Enim sed dolorem est cum. Harum quo recusandae ut quae voluptatem hic qui sequi. Ut est voluptatum temporibus quas aliquam.', '2020-04-19 10:16:00', '2020-04-19 10:16:00'),
('e7c504ee84c729a2f5d6ea12bea49f37', 'c2fceec783535683b9fdcdedc4c333a4', 'Jr. Bata Putih No. 255, Administrasi Jakarta Pusat 69402, JaTim', '-6.169905253038752', '106.82440210116597', 'Rumah Quas ut.', 12, 1870000, 8, 'Quis cupiditate porro quis dolorum est accusamus. Quod fugiat culpa sequi eum qui. Non enim consectetur impedit. Dolor numquam eveniet quibusdam pariatur. Fugit ducimus error dignissimos qui assumenda corrupti necessitatibus hic. Culpa omnis laudantium ipsa ut eligendi esse et velit. Eos porro repellendus et aut doloremque soluta. Quia molestias beatae aliquid voluptas molestias totam omnis incidunt. Sit quas veritatis et explicabo. Earum tenetur unde ab aliquam quod. Facilis voluptatem ut et perspiciatis qui similique. Quaerat et porro molestiae. Consectetur aut voluptas adipisci voluptatem et. Quis voluptatem rerum et iste labore.', '2020-04-19 10:16:00', '2020-04-19 10:16:00'),
('f902a660e05a3414e79d164305b2b93f', 'c2fceec783535683b9fdcdedc4c333a4', 'Dk. M.T. Haryono No. 964, Salatiga 62821, Papua', '-6.169905253038752', '106.82440210116597', 'Saung Similique enim modi.', 19, 760000, 6, 'Ut sint quo sed qui. Dolor earum ut ut illo iure reiciendis animi. Qui ut quis mollitia quaerat blanditiis ex. Aspernatur est vel sed ab blanditiis voluptates esse. Perspiciatis ea veniam harum soluta. Nihil quo et dignissimos aut. Aut illum placeat velit perferendis consequuntur. Qui eaque dolore omnis repellendus beatae et. Porro ut dolorum labore architecto enim non possimus. Qui sed rem rem dolores. Quaerat ea nisi et non iste veritatis. Nemo aut laborum dignissimos provident. Aut quam tempora et quibusdam aut dolorem accusamus. Soluta placeat voluptate commodi laborum consequuntur.', '2020-04-19 10:16:01', '2020-04-19 10:16:01'),
('facb253b79c36722737a9964663adf8d', 'c2fceec783535683b9fdcdedc4c333a4', 'Jln. Ters. Kiaracondong No. 719, Sungai Penuh 59854, JaBar', '-6.169905253038752', '106.82440210116597', 'Rumah susun Dicta assumenda atque.', 20, 1850000, 7, 'Quia perspiciatis tenetur vel veritatis. Vero ipsam assumenda commodi quos. Eos quia provident veritatis quisquam nostrum fugiat itaque debitis. Sit omnis quidem non. Maxime deserunt rerum dolorum. Repellat sint nam impedit consequatur. Vel laborum consequatur eveniet ut. Reprehenderit reiciendis distinctio eius vel aliquam debitis sed est. Fuga ab laboriosam est illum omnis totam qui. Qui voluptatibus fugiat sunt ratione ab reiciendis incidunt. Enim veniam qui enim explicabo quibusdam omnis neque. Aliquid fugiat ab voluptatibus id explicabo officia iste. Corporis labore quas corrupti neque. Tenetur quis quo quis deserunt.', '2020-04-19 10:16:00', '2020-04-19 10:16:00'),
('fe6b547f538ed5452e3cbf06e5d957ff', 'c2fceec783535683b9fdcdedc4c333a4', 'Ki. Cikutra Timur No. 557, Palu 91164, SulSel', '-6.169905253038752', '106.82440210116597', 'Penginapan Delectus et velit.', 19, 1280000, 3, 'Cumque et dolorem omnis similique nostrum quia libero. Voluptatibus rerum sit enim qui rerum vitae. Illo qui et repellat nam ut animi omnis. Mollitia architecto distinctio nemo voluptatem facilis. Aperiam quis in ratione veniam ipsa dolores voluptate animi. Non expedita est sapiente porro eaque id. Atque voluptate illo est dolores enim eum. Molestias sunt dolorum velit autem rem. Eius ad rerum commodi reprehenderit exercitationem amet ut. Molestiae qui quam quisquam. Vero qui est earum ut vel sint unde. Non ut est quia provident illum ipsa inventore. Nihil ullam tempore facere et sed. Eveniet fugit dolores et vitae. Sit ullam nobis deleniti nesciunt. Possimus ducimus et non sed illo sed.', '2020-04-19 10:16:01', '2020-04-19 10:16:01'),
('ffa7f86d5ac7226f2c10ce6eae0d274f', 'c2fceec783535683b9fdcdedc4c333a4', 'Ds. Ciwastra No. 123, Balikpapan 96597, Jambi', '-6.169905253038752', '106.82440210116597', 'Kontrakan Quo et.', 16, 1660000, 2, 'Aut voluptatibus corrupti quam aspernatur. Quam quis cum molestias. Non nemo vitae voluptatibus et non ut. Consequatur et iusto consequatur iusto ex. Explicabo sed qui rerum nihil voluptatem sed. Minus ea maiores porro. Cum praesentium molestias aut eos. Hic consequatur aperiam sed ea molestiae. Nisi facilis totam et. Facilis minima qui dolorum maxime. Ut ducimus eaque cupiditate sint mollitia est omnis. Sit ex iste corrupti neque assumenda beatae veniam. Non dolore mollitia ut tempore ab sit alias. Eaque molestiae iusto totam ea provident. Nostrum qui rem iure et aliquid aut vel ad. Eligendi quae rerum dignissimos vitae et et repellendus quidem. Laborum non qui autem eos accusamus voluptas.', '2020-04-19 10:16:00', '2020-04-19 10:16:00');

-- --------------------------------------------------------

--
-- Table structure for table `kos_images`
--

CREATE TABLE `kos_images` (
  `id` varchar(255) NOT NULL,
  `id_kos` varchar(255) NOT NULL,
  `title` varchar(255) NOT NULL,
  `created_at` timestamp NULL DEFAULT NULL,
  `updated_at` timestamp NULL DEFAULT NULL
) ENGINE=InnoDB DEFAULT CHARSET=latin1;

--
-- Dumping data for table `kos_images`
--

INSERT INTO `kos_images` (`id`, `id_kos`, `title`, `created_at`, `updated_at`) VALUES
('841063406d3053d545832b9a67d8ebff', '05051b93df47b1a57eafcd74ad04ef99', 'JPG_HIRES_-7(c9832ce6-a87d-4585-ae6b-78d2b06c5bbe).jpg', NULL, NULL),
('8cfae40504e4a8215336050b540d634b', '81a3f792b17cdf98c543c509a4c6aa45', '1905591455.jpg', NULL, NULL),
('b57cc96e15270512d4ba2f36a7581775', '04f7680abb7541b64456944c2f1bf2f8', '10007336-1795x1197-FIT_AND_TRIM-018f4e9be8f525c858f04a8113bbe196.jpeg', NULL, NULL),
('b6e6a3cfe581fe06aa13e1481da4c8b0', '81a3f792b17cdf98c543c509a4c6aa45', '10007336-1795x1197-FIT_AND_TRIM-018f4e9be8f525c858f04a8113bbe196.jpeg', NULL, NULL),
('f0ce8bf86987bed9230f15eb1445698a', '05051b93df47b1a57eafcd74ad04ef99', 'images.jpg', NULL, NULL),
('f6148cc8ed552dc223d84c27eded16dc', 'e920f94554f46cbc00c988c04e1f3d41', '10007336-1795x1197-FIT_AND_TRIM-018f4e9be8f525c858f04a8113bbe196.jpeg', NULL, NULL);

-- --------------------------------------------------------

--
-- Table structure for table `pengajuan`
--

CREATE TABLE `pengajuan` (
  `id` varchar(255) NOT NULL,
  `id_pemilik` varchar(255) NOT NULL,
  `id_pengaju` varchar(255) NOT NULL,
  `id_kos` varchar(255) NOT NULL,
  `penghuni` int(2) DEFAULT NULL,
  `keterangan` text,
  `created_at` timestamp NULL DEFAULT NULL,
  `updated_at` timestamp NULL DEFAULT NULL
) ENGINE=InnoDB DEFAULT CHARSET=latin1;

-- --------------------------------------------------------

--
-- Table structure for table `status_pengajuan`
--

CREATE TABLE `status_pengajuan` (
  `id` varchar(255) NOT NULL,
  `id_pengajuan` varchar(255) NOT NULL,
  `id_pemilik` varchar(255) NOT NULL,
  `id_pengaju` varchar(255) NOT NULL,
  `id_kos` varchar(255) NOT NULL,
  `status` int(1) NOT NULL,
  `keterangan` text,
  `created_at` timestamp NULL DEFAULT NULL,
  `updated_at` timestamp NULL DEFAULT NULL
) ENGINE=InnoDB DEFAULT CHARSET=latin1;

-- --------------------------------------------------------

--
-- Table structure for table `tersewa`
--

CREATE TABLE `tersewa` (
  `id` varchar(255) NOT NULL,
  `id_penyewa` varchar(255) NOT NULL,
  `id_kos` varchar(255) NOT NULL,
  `penghuni` int(2) NOT NULL,
  `keterangan` text,
  `created_at` timestamp NULL DEFAULT NULL,
  `updated_at` timestamp NULL DEFAULT NULL
) ENGINE=InnoDB DEFAULT CHARSET=latin1;

-- --------------------------------------------------------

--
-- Table structure for table `user`
--

CREATE TABLE `user` (
  `id` varchar(255) NOT NULL,
  `nama` varchar(50) NOT NULL,
  `email` varchar(50) NOT NULL,
  `password` varchar(255) NOT NULL,
  `no_handphone` varchar(15) NOT NULL,
  `alamat` text,
  `user_picture` varchar(255) DEFAULT NULL,
  `created_at` timestamp NULL DEFAULT NULL,
  `updated_at` timestamp NULL DEFAULT NULL
) ENGINE=InnoDB DEFAULT CHARSET=latin1;

--
-- Dumping data for table `user`
--

INSERT INTO `user` (`id`, `nama`, `email`, `password`, `no_handphone`, `alamat`, `user_picture`, `created_at`, `updated_at`) VALUES
('118445e44ad0b0dba7c292988d977632', 'Lia', 'lia@gmail.com', '$2y$10$AD9oFkHVo1wRrHv95oCcvOcvYzeFSu0I1VaTm65R29ZoBdZ1JBchS', '08776256777', NULL, '', NULL, NULL),
('9793ad5957afa26e2ccead062a41b4d2', 'Ferdian', 'hayferdian@gmail.com', '$2y$10$ADaOhP2nu/Obtil2ZxyfX.M8bh2o.mKRCsHI6iFrWTKB6coIiaYg.', '089502700087', NULL, 'goku.jpg', NULL, NULL),
('c2fceec783535683b9fdcdedc4c333a4', 'Zain', 'zain@gmail.com', '$2y$10$iKDEjjaNqTe8wpEvddvyN.fAcQHwXsryOvKwUtIpuwvN2YhCVfoxe', '089502700087', 'Jakarta Barat\r\n', 'naruto.jpg', NULL, NULL);

--
-- Indexes for dumped tables
--

--
-- Indexes for table `kos`
--
ALTER TABLE `kos`
  ADD PRIMARY KEY (`id`);

--
-- Indexes for table `kos_images`
--
ALTER TABLE `kos_images`
  ADD PRIMARY KEY (`id`);

--
-- Indexes for table `pengajuan`
--
ALTER TABLE `pengajuan`
  ADD PRIMARY KEY (`id`);

--
-- Indexes for table `status_pengajuan`
--
ALTER TABLE `status_pengajuan`
  ADD PRIMARY KEY (`id`);

--
-- Indexes for table `tersewa`
--
ALTER TABLE `tersewa`
  ADD PRIMARY KEY (`id`);

--
-- Indexes for table `user`
--
ALTER TABLE `user`
  ADD PRIMARY KEY (`id`);
COMMIT;

/*!40101 SET CHARACTER_SET_CLIENT=@OLD_CHARACTER_SET_CLIENT */;
/*!40101 SET CHARACTER_SET_RESULTS=@OLD_CHARACTER_SET_RESULTS */;
/*!40101 SET COLLATION_CONNECTION=@OLD_COLLATION_CONNECTION */;
