-- ngekos.fasilitas definition

CREATE TABLE `fasilitas` (
  `id_kos` varchar(255) NOT NULL,
  `free_wifi` tinyint(1) DEFAULT NULL,
  `alat_dapur` tinyint(1) DEFAULT NULL,
  `kamar_mandi` tinyint(1) DEFAULT NULL,
  `parkir_motor` tinyint(1) DEFAULT NULL,
  `fasilitas_olahraga` tinyint(1) DEFAULT NULL,
  `cctv` tinyint(1) DEFAULT NULL,
  `tv` tinyint(1) DEFAULT NULL,
  `pembantu` tinyint(1) DEFAULT NULL,
  `ruang_musholla` tinyint(1) DEFAULT NULL,
  `kasur` tinyint(1) DEFAULT NULL,
  `lemari` tinyint(1) DEFAULT NULL,
  `wastafel` tinyint(1) DEFAULT NULL,
  `created_at` timestamp NULL DEFAULT NULL,
  `updated_at` timestamp NULL DEFAULT NULL
) ENGINE=InnoDB DEFAULT CHARSET=latin1;


-- ngekos.images definition

CREATE TABLE `images` (
  `id_images` varchar(255) NOT NULL,
  `id_kos` varchar(255) NOT NULL,
  `title` varchar(255) NOT NULL,
  `created_at` timestamp NULL DEFAULT NULL,
  `updated_at` timestamp NULL DEFAULT NULL,
  PRIMARY KEY (`id_images`)
) ENGINE=InnoDB DEFAULT CHARSET=latin1;


-- ngekos.kos definition

CREATE TABLE `kos` (
  `id_kos` varchar(255) NOT NULL,
  `id_user` varchar(255) NOT NULL,
  `alamat` text NOT NULL,
  `lat` varchar(255) DEFAULT NULL,
  `lng` varchar(255) DEFAULT NULL,
  `judul` varchar(50) NOT NULL,
  `luas` int(5) NOT NULL,
  `harga` int(11) NOT NULL,
  `pintu` int(11) NOT NULL,
  `keterangan` text DEFAULT NULL,
  `created_at` timestamp NULL DEFAULT NULL,
  `updated_at` timestamp NULL DEFAULT NULL,
  PRIMARY KEY (`id_kos`)
) ENGINE=InnoDB DEFAULT CHARSET=latin1;


-- ngekos.kostersewa definition

CREATE TABLE `kostersewa` (
  `id_kostersewa` varchar(255) NOT NULL,
  `id_user` varchar(255) NOT NULL,
  `id_kos` varchar(255) NOT NULL,
  `penghuni` int(2) NOT NULL,
  `keterangan` text DEFAULT NULL,
  `created_at` timestamp NULL DEFAULT NULL,
  `updated_at` timestamp NULL DEFAULT NULL,
  PRIMARY KEY (`id_kostersewa`)
) ENGINE=InnoDB DEFAULT CHARSET=latin1;


-- ngekos.pengajuan definition

CREATE TABLE `pengajuan` (
  `id_pengajuan` varchar(255) NOT NULL,
  `id_user_pemilik` varchar(255) NOT NULL,
  `id_user_pengaju` varchar(255) NOT NULL,
  `id_kos` varchar(255) NOT NULL,
  `penghuni` int(2) DEFAULT NULL,
  `keterangan` text DEFAULT NULL,
  `created_at` timestamp NULL DEFAULT NULL,
  `updated_at` timestamp NULL DEFAULT NULL,
  PRIMARY KEY (`id_pengajuan`)
) ENGINE=InnoDB DEFAULT CHARSET=latin1;


-- ngekos.status_pengajuan definition

CREATE TABLE `status_pengajuan` (
  `id_pengajuan` varchar(255) NOT NULL,
  `id_user_pemilik` varchar(255) NOT NULL,
  `id_user_pengaju` varchar(255) NOT NULL,
  `id_kos` varchar(255) NOT NULL,
  `status_pengajuan` int(1) NOT NULL,
  `keterangan` text DEFAULT NULL,
  `created_at` timestamp NULL DEFAULT NULL,
  `updated_at` timestamp NULL DEFAULT NULL
) ENGINE=InnoDB DEFAULT CHARSET=latin1;


-- ngekos.`user` definition

CREATE TABLE `user` (
  `id_user` varchar(255) NOT NULL,
  `nama` varchar(50) NOT NULL,
  `email` varchar(50) NOT NULL,
  `password` varchar(255) NOT NULL,
  `no_handphone` varchar(15) NOT NULL,
  `alamat` text DEFAULT NULL,
  `user_picture` varchar(255) DEFAULT NULL,
  `created_at` timestamp NULL DEFAULT NULL,
  `updated_at` timestamp NULL DEFAULT NULL,
  PRIMARY KEY (`id_user`)
) ENGINE=InnoDB DEFAULT CHARSET=latin1;

INSERT INTO ngekos.`user` (id_user, nama, email, password, no_handphone, alamat, user_picture, created_at, updated_at) VALUES('0f52f5eb900669929f3ba5ccd257116c', 'Ahmad', 'ahmad@gmail.com', '$2y$10$6MFyOqT67MIYKjhtvIK9VuGZgaM82.9IYon46kzTn9S57m.Ro7dkq', '087737276767', NULL, NULL, NULL, NULL);
INSERT INTO ngekos.`user` (id_user, nama, email, password, no_handphone, alamat, user_picture, created_at, updated_at) VALUES('2152b4c0aefcf7c4b4ba4562ef8a2f82', 'Lia', 'lia@gmail.com', '$2y$10$U8OtV5SwVHmuU/uuoCQY5O5JNY4Q9d6/CeWMKMW9Z1JaMgF4DMOUm', '09832763272323', NULL, NULL, NULL, NULL);
INSERT INTO ngekos.`user` (id_user, nama, email, password, no_handphone, alamat, user_picture, created_at, updated_at) VALUES('2c04e86dc2bd27646163abace55b7935', 'Siti', 'siti@gmail.com', '$2y$10$FP.RQFtyIsnJmvHOPHU/j.4Iftw.e/Pqf4xOcziUwGs00VfMfHaly', '0734384738777', NULL, NULL, NULL, NULL);
INSERT INTO ngekos.`user` (id_user, nama, email, password, no_handphone, alamat, user_picture, created_at, updated_at) VALUES('3b1e33c839cf7c64f1c29d0d51cb1cc3', 'Ferdian', 'ferdian@gmail.com', '$2y$10$mrs.aRriDNzkIfCwctVmOu3QOfPVWNUKUeylL34XoUZcsH.4ahXUG', '087889914778', NULL, 'c3bd25c6-c8a8-4e6c-92dc-cac3018fcdcb.jpeg', NULL, NULL);
INSERT INTO ngekos.`user` (id_user, nama, email, password, no_handphone, alamat, user_picture, created_at, updated_at) VALUES('5b124ac4c0e87369b41ffea5a8e4a574', 'Amar', 'amar@gmail.com', '$2y$10$IOniJaeIb9anB3igNQyzt.FZVceKodl.zNe2pDJ5ImMsvvY1BPf5C', '0873483999878', NULL, NULL, NULL, NULL);
INSERT INTO ngekos.`user` (id_user, nama, email, password, no_handphone, alamat, user_picture, created_at, updated_at) VALUES('f1ba5d9ce081d91c359da8d32304436d', 'Akbar', 'akbar@gmail.com', '$2y$10$QtBA.F1NzkdwQuMvb9qN9e2puZU2yjfvmaPfyDIme4LTaWqjkklqG', '081232773746', NULL, NULL, NULL, NULL);

INSERT INTO ngekos.fasilitas (id_kos, free_wifi, alat_dapur, kamar_mandi, parkir_motor, fasilitas_olahraga, cctv, tv, pembantu, ruang_musholla, kasur, lemari, wastafel, created_at, updated_at) VALUES('85dfab3b5c640d6ebb64fb549b411294', 1, 1, 1, 1, 1, 1, 1, 1, 1, 1, 0, 0, '2020-08-21 02:09:05.000', '2020-08-21 02:09:05.000');
INSERT INTO ngekos.fasilitas (id_kos, free_wifi, alat_dapur, kamar_mandi, parkir_motor, fasilitas_olahraga, cctv, tv, pembantu, ruang_musholla, kasur, lemari, wastafel, created_at, updated_at) VALUES('41b7c6fcbdb0b6a9ab061ff85685a2a3', 1, 1, 1, 1, 1, 1, 0, 1, 1, 1, 1, 0, '2020-08-21 02:11:28.000', '2020-08-21 02:12:38.000');
INSERT INTO ngekos.fasilitas (id_kos, free_wifi, alat_dapur, kamar_mandi, parkir_motor, fasilitas_olahraga, cctv, tv, pembantu, ruang_musholla, kasur, lemari, wastafel, created_at, updated_at) VALUES('7d74508095b9cd27237a1f49ae690f43', 0, 1, 1, 1, 0, 1, 1, 1, 1, 1, 0, 1, '2020-08-21 02:13:53.000', '2020-08-21 02:14:40.000');
INSERT INTO ngekos.fasilitas (id_kos, free_wifi, alat_dapur, kamar_mandi, parkir_motor, fasilitas_olahraga, cctv, tv, pembantu, ruang_musholla, kasur, lemari, wastafel, created_at, updated_at) VALUES('0e46cda2d3b5c22944a605e115243939', 0, 1, 1, 1, 1, 1, 0, 1, 1, 1, 1, 1, '2020-08-21 02:15:44.000', '2020-08-21 02:15:44.000');
INSERT INTO ngekos.fasilitas (id_kos, free_wifi, alat_dapur, kamar_mandi, parkir_motor, fasilitas_olahraga, cctv, tv, pembantu, ruang_musholla, kasur, lemari, wastafel, created_at, updated_at) VALUES('18a7dc27c688ca70d5063d045455d7aa', 1, 1, 0, 0, 0, 0, 0, 1, 1, 1, 1, 1, '2020-08-21 02:16:13.000', '2020-08-21 02:16:13.000');
INSERT INTO ngekos.fasilitas (id_kos, free_wifi, alat_dapur, kamar_mandi, parkir_motor, fasilitas_olahraga, cctv, tv, pembantu, ruang_musholla, kasur, lemari, wastafel, created_at, updated_at) VALUES('584f03377f204da5e0d0ec0aecce5558', 0, 1, 0, 1, 1, 1, 0, 1, 1, 1, 1, 1, '2020-08-21 02:16:33.000', '2020-08-21 02:16:33.000');
INSERT INTO ngekos.fasilitas (id_kos, free_wifi, alat_dapur, kamar_mandi, parkir_motor, fasilitas_olahraga, cctv, tv, pembantu, ruang_musholla, kasur, lemari, wastafel, created_at, updated_at) VALUES('66ff18b98f0bc61822c00231b9101ab8', 1, 1, 1, 1, 1, 1, 1, 1, 1, 1, 0, 1, '2020-08-21 02:16:52.000', '2020-08-21 02:16:52.000');
INSERT INTO ngekos.fasilitas (id_kos, free_wifi, alat_dapur, kamar_mandi, parkir_motor, fasilitas_olahraga, cctv, tv, pembantu, ruang_musholla, kasur, lemari, wastafel, created_at, updated_at) VALUES('6cbdcb2c7307729d130f3ad4e5a41fb2', 1, 1, 1, 1, 1, 1, 0, 1, 1, 1, 1, 1, '2020-08-21 02:17:12.000', '2020-08-21 02:17:12.000');
INSERT INTO ngekos.fasilitas (id_kos, free_wifi, alat_dapur, kamar_mandi, parkir_motor, fasilitas_olahraga, cctv, tv, pembantu, ruang_musholla, kasur, lemari, wastafel, created_at, updated_at) VALUES('758cce8fc2d0c1909e8cb6ee007fa0c6', 1, 1, 1, 1, 1, 1, 0, 1, 0, 1, 1, 1, '2020-08-21 02:17:32.000', '2020-08-21 02:17:32.000');
INSERT INTO ngekos.fasilitas (id_kos, free_wifi, alat_dapur, kamar_mandi, parkir_motor, fasilitas_olahraga, cctv, tv, pembantu, ruang_musholla, kasur, lemari, wastafel, created_at, updated_at) VALUES('7a675cc39c73d8b8829854ab507e0203', 1, 1, 1, 1, 1, 1, 0, 1, 1, 1, 1, 1, '2020-08-21 02:17:51.000', '2020-08-21 02:18:19.000');
INSERT INTO ngekos.fasilitas (id_kos, free_wifi, alat_dapur, kamar_mandi, parkir_motor, fasilitas_olahraga, cctv, tv, pembantu, ruang_musholla, kasur, lemari, wastafel, created_at, updated_at) VALUES('80255aa9716d327b11f1803a923021ee', 1, 1, 1, 1, 1, 1, 0, 1, 1, 1, 1, 1, '2020-08-21 02:18:40.000', '2020-08-21 02:18:40.000');
INSERT INTO ngekos.fasilitas (id_kos, free_wifi, alat_dapur, kamar_mandi, parkir_motor, fasilitas_olahraga, cctv, tv, pembantu, ruang_musholla, kasur, lemari, wastafel, created_at, updated_at) VALUES('a2eb576e572e648d719fde977c0438f2', 1, 1, 1, 1, 1, 1, 1, 1, 1, 1, 1, 1, '2020-08-21 02:19:15.000', '2020-08-21 02:21:46.000');
INSERT INTO ngekos.fasilitas (id_kos, free_wifi, alat_dapur, kamar_mandi, parkir_motor, fasilitas_olahraga, cctv, tv, pembantu, ruang_musholla, kasur, lemari, wastafel, created_at, updated_at) VALUES('c2a510d3e65b50f3b4ca5fe2ab361e54', 1, 1, 1, 1, 1, 1, 0, 1, 1, 1, 1, 1, '2020-08-21 02:24:52.000', '2020-08-21 02:24:52.000');

INSERT INTO ngekos.images (id_images, id_kos, title, created_at, updated_at) VALUES('04b0e5d83feba3991ac6cdfb7fbe637b', '18a7dc27c688ca70d5063d045455d7aa', 'download_(6).jpeg', NULL, NULL);
INSERT INTO ngekos.images (id_images, id_kos, title, created_at, updated_at) VALUES('0ee133ac9da3617c21a4c71807f2326c', '584f03377f204da5e0d0ec0aecce5558', 'download_(7).jpeg', NULL, NULL);
INSERT INTO ngekos.images (id_images, id_kos, title, created_at, updated_at) VALUES('231ac6094374eaf21cc38e9a13396238', '7d74508095b9cd27237a1f49ae690f43', 'download_(3).jpeg', NULL, NULL);
INSERT INTO ngekos.images (id_images, id_kos, title, created_at, updated_at) VALUES('26dc79033e82d127a8705a089d8a8d40', '7a675cc39c73d8b8829854ab507e0203', 'download_(11)1.jpeg', NULL, NULL);
INSERT INTO ngekos.images (id_images, id_kos, title, created_at, updated_at) VALUES('351ea4feec73c74d70d49ea2aeec0a44', '85dfab3b5c640d6ebb64fb549b411294', 'download_(1).jpeg', NULL, NULL);
INSERT INTO ngekos.images (id_images, id_kos, title, created_at, updated_at) VALUES('42ce8ec0cb637e46aaa1c449d3645128', '7d74508095b9cd27237a1f49ae690f43', 'download.jpeg', NULL, NULL);
INSERT INTO ngekos.images (id_images, id_kos, title, created_at, updated_at) VALUES('4ded20f3690d303de0628e717f4becb9', '758cce8fc2d0c1909e8cb6ee007fa0c6', 'download_(10).jpeg', NULL, NULL);
INSERT INTO ngekos.images (id_images, id_kos, title, created_at, updated_at) VALUES('59bab356a3bf597032f220ce6810c345', 'a2eb576e572e648d719fde977c0438f2', 'download_(13).jpeg', NULL, NULL);
INSERT INTO ngekos.images (id_images, id_kos, title, created_at, updated_at) VALUES('5f8c1af604060dfb6c238605ac81c8d0', '18a7dc27c688ca70d5063d045455d7aa', 'download_(6)1.jpeg', NULL, NULL);
INSERT INTO ngekos.images (id_images, id_kos, title, created_at, updated_at) VALUES('9d07a193daa972e74db355d2a581cc82', '41b7c6fcbdb0b6a9ab061ff85685a2a3', 'download.jpeg', NULL, NULL);
INSERT INTO ngekos.images (id_images, id_kos, title, created_at, updated_at) VALUES('a5eba279ecc8fadef15f1b0ed1449ff7', '6cbdcb2c7307729d130f3ad4e5a41fb2', 'download_(9).jpeg', NULL, NULL);
INSERT INTO ngekos.images (id_images, id_kos, title, created_at, updated_at) VALUES('ab3d39d658e86f27b6225b5ed4049602', '66ff18b98f0bc61822c00231b9101ab8', 'download_(8).jpeg', NULL, NULL);
INSERT INTO ngekos.images (id_images, id_kos, title, created_at, updated_at) VALUES('d13579303cc7fea5128b11dd8151cdcf', 'c2a510d3e65b50f3b4ca5fe2ab361e54', 'download_(15).jpeg', NULL, NULL);
INSERT INTO ngekos.images (id_images, id_kos, title, created_at, updated_at) VALUES('d9b72f74f8592215b947d40983bf8af3', '80255aa9716d327b11f1803a923021ee', 'download_(12).jpeg', NULL, NULL);
INSERT INTO ngekos.images (id_images, id_kos, title, created_at, updated_at) VALUES('e70f4a439b53df244a838f2a3e03b604', 'c2a510d3e65b50f3b4ca5fe2ab361e54', 'download_(14).jpeg', NULL, NULL);
INSERT INTO ngekos.images (id_images, id_kos, title, created_at, updated_at) VALUES('f16e39eb33f53c07d1ea505fcdaa5426', '0e46cda2d3b5c22944a605e115243939', 'download_(4).jpeg', NULL, NULL);

INSERT INTO ngekos.kos (id_kos, id_user, alamat, lat, lng, judul, luas, harga, pintu, keterangan, created_at, updated_at) VALUES('052422603cb4e477fa54318565834a10', '3b1e33c839cf7c64f1c29d0d51cb1cc3', 'Dk. Ki Hajar Dewantara No. 977, Palu 30665, Riau', '-6.169905253038752', '106.82440210116597', 'Apartemen Asperiores assumenda.', 11, 890000, 5, 'Dolores fuga quas necessitatibus et a velit. Impedit officia enim id enim sint. Vel ullam fugiat quam architecto non repellat suscipit quia. Eum ullam asperiores pariatur ipsum deleniti consequatur quia eligendi. Natus minus ullam deleniti quaerat deserunt nihil quam nisi. Assumenda in sed ipsam deleniti. In eaque rerum qui non officiis. Natus iure autem et et enim velit. Quo reprehenderit ut nisi est ea temporibus. Quia atque nihil dolores modi odio ad quo. Ad quia facere nisi veritatis officiis quaerat enim qui. Repellendus quas rerum ab et quo ea doloremque. Non non ea ut est exercitationem non. Molestias perferendis praesentium eos autem. Fugit vero perspiciatis ab unde sint provident reiciendis.', '2020-08-09 03:16:18.000', '2020-08-09 03:16:18.000');
INSERT INTO ngekos.kos (id_kos, id_user, alamat, lat, lng, judul, luas, harga, pintu, keterangan, created_at, updated_at) VALUES('08d2677ee8dde4f674a997d693d707e1', 'f1ba5d9ce081d91c359da8d32304436d', 'Psr. Baing No. 854, Administrasi Jakarta Pusat 54440, Riau', '-6.169905253038752', '106.82440210116597', 'Home stay Velit aut.', 10, 540000, 3, 'Error omnis explicabo corrupti sequi aut id. Earum eos laboriosam fugit quia. Corporis culpa saepe nesciunt vel eum sunt aspernatur. Quaerat ut rem quasi nisi. Minus minus architecto sed aut fugit. Optio fuga harum non qui quibusdam blanditiis. Sapiente ad laborum corporis maxime rerum qui quo. Quis sit dolores optio ut dolorem dolor aut voluptatem. Dolores hic amet nulla deserunt in optio. Eum voluptates excepturi voluptas aut. Soluta ipsa error est perspiciatis. Odit quis sunt aut et. Voluptatem dolorem asperiores ut hic. Quidem sunt optio quas et sed. Hic similique ducimus delectus non eveniet laborum. Neque tenetur blanditiis quo doloribus ratione quod. Hic incidunt velit est laborum. Maiores et labore maxime et.', '2020-08-09 03:16:18.000', '2020-08-09 03:16:18.000');
INSERT INTO ngekos.kos (id_kos, id_user, alamat, lat, lng, judul, luas, harga, pintu, keterangan, created_at, updated_at) VALUES('0e46cda2d3b5c22944a605e115243939', '2152b4c0aefcf7c4b4ba4562ef8a2f82', 'Jln. Bak Air No. 360, Bukittinggi 56171, KalUt', '-6.169905253038752', '106.82440210116597', 'Sewa Dignissimos modi recusandae.', 20, 540000, 3, 'Repudiandae dignissimos aut accusamus enim sed. Rem tempore non maxime laboriosam totam debitis nostrum. Eligendi soluta accusamus autem quisquam magni. Possimus nihil quae maxime temporibus. Quaerat quia quam sapiente voluptas. At impedit rem dolorum saepe reprehenderit dolorem. Animi architecto quam et quis. Minima pariatur fuga ullam tempore et. Nostrum consequatur pariatur magnam laudantium rerum et nemo. Molestias nihil mollitia doloribus provident. Ea ipsam maxime mollitia possimus ut repellendus reprehenderit laborum. Aliquid nihil sed minus ut.', '2020-08-09 03:16:18.000', '2020-08-21 02:15:44.000');
INSERT INTO ngekos.kos (id_kos, id_user, alamat, lat, lng, judul, luas, harga, pintu, keterangan, created_at, updated_at) VALUES('18a7dc27c688ca70d5063d045455d7aa', '2152b4c0aefcf7c4b4ba4562ef8a2f82', 'Ds. Tambak No. 283, Banda Aceh 29816, SumUt', '-6.169905253038752', '106.82440210116597', 'Saung Ut omnis.', 25, 990000, 4, 'Dolor qui aliquid similique optio rerum reiciendis. Ad voluptatum ex sed totam dolor voluptatem. Sunt possimus et et optio fugit et sit. Praesentium recusandae laudantium iste dolorem libero tenetur. Odio numquam eos sint architecto. Qui animi quod ut earum ad dolore. Consectetur saepe voluptatum ut quis veritatis. Ducimus aut eveniet eaque dicta ut inventore deserunt. Corrupti doloremque debitis provident recusandae enim. Magnam totam autem aliquid ea itaque voluptatem voluptates occaecati. Qui sint qui voluptatem atque nihil eos qui ea. Dignissimos ipsam et voluptatem est aut. Optio sint et voluptatem nulla. Rerum perspiciatis facilis dolor facere porro aliquam dolorem. Hic asperiores molestiae qui. Qui error iusto qui qui veritatis.', '2020-08-09 03:16:18.000', '2020-08-21 02:16:13.000');
INSERT INTO ngekos.kos (id_kos, id_user, alamat, lat, lng, judul, luas, harga, pintu, keterangan, created_at, updated_at) VALUES('1dd6c3c4e6d18f42c2e018793c8b879a', '5b124ac4c0e87369b41ffea5a8e4a574', 'Psr. Babah No. 963, Gunungsitoli 48433, JaBar', '-6.169905253038752', '106.82440210116597', 'Home stay Consequatur amet.', 21, 950000, 3, 'In possimus assumenda cupiditate dignissimos modi quo quia. Et est beatae beatae ducimus at vel voluptatem. Expedita adipisci sit optio ullam. Suscipit soluta est quia eveniet adipisci. Perferendis reprehenderit deleniti molestiae sed nemo. Natus natus nostrum aspernatur officia est. Sit dolore ullam nihil aperiam aut qui ipsum. Tempore corrupti qui atque quidem sint. Ea dolorum tenetur eligendi. Sed quis delectus voluptatem saepe dolorem earum ad. Molestias molestiae atque quasi fuga. Qui perferendis aperiam iusto accusantium assumenda et. Ea aut voluptates illo ut.', '2020-08-09 03:16:18.000', '2020-08-09 03:16:18.000');
INSERT INTO ngekos.kos (id_kos, id_user, alamat, lat, lng, judul, luas, harga, pintu, keterangan, created_at, updated_at) VALUES('27299fc405ec62b2a7b783f26ccce52b', '3b1e33c839cf7c64f1c29d0d51cb1cc3', 'Psr. Raden No. 319, Solok 79481, BaBel', '-6.169905253038752', '106.82440210116597', 'Rusun Nostrum magnam id.', 22, 630000, 4, 'Provident reiciendis alias aliquid omnis voluptatem non assumenda non. Odio sed delectus quo earum ratione. Dolores soluta tenetur voluptas non et tempore. Voluptate sed sunt dolore dolorem magnam quia et enim. Nisi excepturi ex nulla nostrum nam unde voluptas. In consequatur voluptates libero architecto aut necessitatibus aut. Neque dignissimos omnis veritatis laboriosam non ducimus repudiandae. Optio et repellendus dolor repellendus illum optio impedit. Natus labore occaecati omnis dolorem numquam et officia. Nobis iure esse deleniti eligendi in voluptatem et ut. Voluptatem et officiis et at exercitationem. Et ea ducimus ea porro dolores. Voluptatem porro facere quo unde. Qui animi sint omnis et cupiditate expedita.', '2020-08-09 03:16:18.000', '2020-08-09 03:16:18.000');
INSERT INTO ngekos.kos (id_kos, id_user, alamat, lat, lng, judul, luas, harga, pintu, keterangan, created_at, updated_at) VALUES('29a74a042e3f9a6033659f1fdb35d896', '3b1e33c839cf7c64f1c29d0d51cb1cc3', 'Ki. Yogyakarta No. 923, Administrasi Jakarta Barat 82230, SumSel', '-6.169905253038752', '106.82440210116597', 'Kosan Et in.', 22, 350000, 2, 'Mollitia inventore explicabo fugit officiis. Sed eligendi omnis similique quia aliquam. Incidunt eius molestiae illo ipsum impedit assumenda facilis. Et magnam magnam dicta deleniti. Beatae fuga aut sed voluptas sint ut exercitationem. Dolorem omnis architecto explicabo consectetur. Aut nihil vel odit quas. Vel est quis repellendus illo quo voluptatum id omnis. Eveniet eaque non vel temporibus incidunt perferendis iusto omnis. Vel aliquid rerum aperiam aliquam excepturi impedit incidunt. Saepe ullam impedit possimus. Id est temporibus vitae est. Hic dolor autem sed accusamus quia atque aliquid. Doloribus error ullam in aut optio. Fuga et ipsum laboriosam enim aut quidem.', '2020-08-09 03:16:18.000', '2020-08-09 03:16:18.000');
INSERT INTO ngekos.kos (id_kos, id_user, alamat, lat, lng, judul, luas, harga, pintu, keterangan, created_at, updated_at) VALUES('2e97d19f863bd7d2f50057b4f39445bf', '3b1e33c839cf7c64f1c29d0d51cb1cc3', 'Ki. Monginsidi No. 923, Palu 12586, KalUt', '-6.169905253038752', '106.82440210116597', 'Kosan Id ut.', 11, 980000, 5, 'Accusantium sed vel ducimus similique. Quod ipsum perferendis repellendus aut at tempora et velit. Alias laboriosam est vitae ab amet. Ut similique delectus ullam voluptates ipsam sunt soluta. Corporis sequi rerum qui. Eligendi facere dolores ducimus eius sed quasi nesciunt. Non id natus qui quod. Voluptas velit expedita mollitia. Aut earum doloremque quasi. Sit fugiat quas ad minima consectetur nobis. Reiciendis quis dolor libero recusandae neque. Pariatur itaque incidunt et dolorem. Sed et amet nam rem nisi modi. Fugiat pariatur et dignissimos iusto. Nihil voluptatem enim blanditiis. Quis commodi quaerat facere adipisci in.', '2020-08-09 03:16:18.000', '2020-08-09 03:16:18.000');
INSERT INTO ngekos.kos (id_kos, id_user, alamat, lat, lng, judul, luas, harga, pintu, keterangan, created_at, updated_at) VALUES('30d170a069dee9e2c491a38964ac0473', '2c04e86dc2bd27646163abace55b7935', 'Psr. Baung No. 952, Manado 50981, Bengkulu', '-6.169905253038752', '106.82440210116597', 'Saung Unde vel.', 24, 650000, 3, 'Optio recusandae adipisci ipsum esse. Soluta vero sit alias mollitia dignissimos atque praesentium. Fuga quidem ut optio incidunt. Aut voluptatum illum nemo necessitatibus. Explicabo natus qui et magnam et ratione maiores. Debitis corrupti dolor mollitia perspiciatis ducimus. Fugiat earum dolorem consectetur accusamus et voluptatem ex. Tempora natus autem doloremque aut labore. Placeat quasi nostrum voluptate nobis ab nobis velit non. Aliquid nihil consequatur doloremque sed optio eum molestiae. Earum natus dolores voluptatem nostrum qui. Placeat debitis ut non esse. Qui beatae occaecati vitae qui nihil molestiae.', '2020-08-09 03:16:18.000', '2020-08-09 03:16:18.000');
INSERT INTO ngekos.kos (id_kos, id_user, alamat, lat, lng, judul, luas, harga, pintu, keterangan, created_at, updated_at) VALUES('31241fb54f6da92a1954e6dda3bddb69', 'f1ba5d9ce081d91c359da8d32304436d', 'Jr. Yosodipuro No. 914, Tidore Kepulauan 27919, SulSel', '-6.169905253038752', '106.82440210116597', 'Rumah Omnis voluptas.', 22, 410000, 2, 'Officia sunt perferendis ut rerum ducimus. Quia explicabo voluptas ducimus accusantium ipsam necessitatibus et. Quibusdam et dolorem ut. Occaecati hic aut quia blanditiis quo voluptas est. Dolore sunt odit dolorum. Earum non et accusantium. Ad natus dolorem et omnis molestias. Qui sed ut eos reiciendis suscipit sapiente. Voluptatem quas a voluptatem dolores. Velit ut ea omnis quisquam quisquam. Dolores laudantium perspiciatis illum nihil at. Corporis expedita assumenda iusto et dolores ad. Voluptas fugiat eaque qui neque qui ratione. Non ut qui officia sunt laborum aut. Incidunt aut eius ea consequatur et illum omnis. Aut voluptatem non quo ipsam. Laborum qui aperiam excepturi consectetur. Et aut facilis culpa in harum vel est autem.', '2020-08-09 03:16:18.000', '2020-08-09 03:16:18.000');
INSERT INTO ngekos.kos (id_kos, id_user, alamat, lat, lng, judul, luas, harga, pintu, keterangan, created_at, updated_at) VALUES('3ae7dce6a7fb34349d760988028f96da', '5b124ac4c0e87369b41ffea5a8e4a574', 'Jln. Achmad No. 613, Padangpanjang 68631, Aceh', '-6.169905253038752', '106.82440210116597', 'Rusun Vitae architecto voluptatem.', 18, 660000, 5, 'Sed ad et asperiores ut aut beatae eveniet incidunt. Id velit optio qui nisi qui. Libero qui necessitatibus sit quibusdam. Velit quo recusandae laborum aut similique esse. Quaerat sit adipisci architecto qui molestiae enim. Possimus facere amet nihil rerum alias. Sed ea voluptatem distinctio dignissimos quia ad magni. Ut autem explicabo et nemo ut nulla in. Eum tempore repudiandae quod culpa minus odit. Corporis modi atque modi officia amet eos. Distinctio consequuntur fuga soluta mollitia. Autem atque sit blanditiis veritatis ad omnis laborum et. Blanditiis officia omnis corporis ipsam nihil. Dolorem consequatur amet modi in blanditiis earum beatae. Corporis aliquam consequatur non perspiciatis nihil.', '2020-08-09 03:16:18.000', '2020-08-09 03:16:18.000');
INSERT INTO ngekos.kos (id_kos, id_user, alamat, lat, lng, judul, luas, harga, pintu, keterangan, created_at, updated_at) VALUES('41b7c6fcbdb0b6a9ab061ff85685a2a3', '2c04e86dc2bd27646163abace55b7935', 'Ds. Cikutra Barat No. 689, Tidore Kepulauan 31420, Gorontalo', '-6.169905253038752', '106.82440210116597', 'Penginapan Ipsam aspernatur.', 15, 410000, 4, 'In exercitationem commodi debitis alias amet impedit. Quia cumque maiores tenetur reiciendis repellat. Quidem aut earum et ut in provident in accusantium. Omnis rerum et ea. Reiciendis voluptatibus corrupti quia inventore. Nihil ut accusamus beatae. Hic hic ea non velit rerum enim optio. Quia et cum repudiandae esse totam ut ad accusantium. Tenetur omnis ab sint ipsam voluptates. Laudantium cumque in mollitia qui. Voluptatem blanditiis quae vitae explicabo neque exercitationem. Doloribus eius quos molestiae explicabo non omnis fuga accusamus.', '2020-08-09 03:16:18.000', '2020-08-21 02:12:38.000');
INSERT INTO ngekos.kos (id_kos, id_user, alamat, lat, lng, judul, luas, harga, pintu, keterangan, created_at, updated_at) VALUES('584f03377f204da5e0d0ec0aecce5558', '2152b4c0aefcf7c4b4ba4562ef8a2f82', 'Ds. Madiun No. 855, Semarang 99220, SumUt', '-6.169905253038752', '106.82440210116597', 'Kontrakan Ducimus enim.', 17, 540000, 1, 'Unde veniam consequuntur accusamus quod excepturi perferendis odit. Quia ut in exercitationem. Qui saepe facere aut quo eaque quia officiis. Placeat magnam veniam ex sed ab autem consequatur nisi. Quaerat inventore eos fugiat officia voluptas. Est voluptas fugit et quo occaecati et enim dignissimos. Ea placeat et recusandae qui. Sed cumque quas sunt animi quia harum. Possimus dolore illo nam recusandae magnam. Ipsam aspernatur accusantium temporibus aut. Velit magni assumenda aut non nobis. Ullam eum expedita a. Nesciunt occaecati pariatur explicabo hic occaecati laborum sequi.', '2020-08-09 03:16:18.000', '2020-08-21 02:16:33.000');
INSERT INTO ngekos.kos (id_kos, id_user, alamat, lat, lng, judul, luas, harga, pintu, keterangan, created_at, updated_at) VALUES('61934075bbc35a528f107e2502a39bad', '5b124ac4c0e87369b41ffea5a8e4a574', 'Dk. Sutarjo No. 795, Palopo 81540, Bengkulu', '-6.169905253038752', '106.82440210116597', 'Kos Provident quia nisi.', 13, 840000, 3, 'Qui aperiam in dolorum harum enim ipsa adipisci. Animi a accusamus aut nulla. Voluptatem quis labore omnis ut adipisci odio quia commodi. Autem est voluptatibus deleniti sunt. Adipisci qui occaecati et et. Numquam qui voluptatum quos reiciendis ad quod quod exercitationem. Dolor perspiciatis aliquid alias voluptatem. Cumque maiores velit quia molestiae. Velit earum ipsa illo optio quidem ex aut adipisci. Ad voluptate quo eos atque maiores accusamus. Reiciendis hic ratione sit vel ut eum. Autem sit voluptatem in sit qui.', '2020-08-09 03:16:18.000', '2020-08-09 03:16:18.000');
INSERT INTO ngekos.kos (id_kos, id_user, alamat, lat, lng, judul, luas, harga, pintu, keterangan, created_at, updated_at) VALUES('64b18be1ee246df2c5432d5b845877a7', 'f1ba5d9ce081d91c359da8d32304436d', 'Kpg. Merdeka No. 15, Sibolga 34158, DKI', '-6.169905253038752', '106.82440210116597', 'Rumah susun Molestias quod.', 16, 870000, 5, 'Odio odio sed ut qui quo non. Nesciunt repellendus qui quod ut. Consequuntur sed id aperiam dolorum nobis voluptas consequatur. Veniam est alias ipsum totam. Illo aut qui natus expedita odit vel officiis. Ut ducimus ratione error non deserunt. Qui ut omnis ad illo aperiam hic. Iusto quos et ab sequi ut fugit. Ullam ea illo delectus eius omnis in. Commodi eligendi dignissimos laboriosam. Aut quo occaecati labore inventore vel et doloribus. Blanditiis dignissimos ex laudantium vel dolorem neque. Reiciendis non qui rerum. Quia blanditiis facere autem deserunt fuga. Similique deserunt similique cupiditate unde aliquam eius in. Amet incidunt possimus dolorem quas soluta aut.', '2020-08-09 03:16:18.000', '2020-08-09 03:16:18.000');
INSERT INTO ngekos.kos (id_kos, id_user, alamat, lat, lng, judul, luas, harga, pintu, keterangan, created_at, updated_at) VALUES('66ff18b98f0bc61822c00231b9101ab8', '2152b4c0aefcf7c4b4ba4562ef8a2f82', 'Jln. Karel S. Tubun No. 547, Mataram 47362, NTB', '-6.169905253038752', '106.82440210116597', 'Apartemen Incidunt iusto.', 15, 360000, 2, 'Cum velit provident et nulla iusto velit qui porro. Facere dolorem ea impedit fugit cumque. Id sit assumenda dolor quidem officiis consequatur. Beatae enim hic dolorum consequatur. Exercitationem sed ea tempore praesentium ut quibusdam. Tempora rerum magnam laboriosam cum et et. Possimus dolor quaerat qui est eius fugiat voluptas. Eum ratione enim voluptatum officiis laboriosam. Non blanditiis placeat quibusdam animi facere et. Voluptatem dolor velit odit voluptatem. Et voluptates quia recusandae. Eius in omnis et et accusamus explicabo pariatur velit. Eaque aperiam veritatis quis voluptate hic magnam molestias nostrum. Omnis sit minima dolorem veritatis. Sed optio ut quidem id voluptate. Rerum atque culpa odit consequatur provident.', '2020-08-09 03:16:18.000', '2020-08-21 02:16:52.000');
INSERT INTO ngekos.kos (id_kos, id_user, alamat, lat, lng, judul, luas, harga, pintu, keterangan, created_at, updated_at) VALUES('68b7b15c58d9ac399e8be8858125fc41', '5b124ac4c0e87369b41ffea5a8e4a574', 'Gg. Otto No. 697, Bitung 87697, SulSel', '-6.169905253038752', '106.82440210116597', 'Apartemen Impedit accusamus.', 18, 570000, 5, 'Id in et repellendus id facilis aut vero dolorem. Saepe nulla et et non. Ut labore ipsum odio. Aut corporis quia ipsa iure eos voluptatem similique sunt. Ut est similique impedit quas temporibus qui delectus. Inventore saepe laudantium autem adipisci placeat. Magni tempora ut ipsam consequuntur nesciunt quia magni. Dolore optio veritatis fuga. Quod nihil quos quasi ipsa nobis. Saepe et vel voluptatibus sit eum quia rerum. Consequatur odit molestias maiores natus repudiandae. Quia earum maxime eos quam occaecati dolorem velit pariatur. Rerum aut quis quo cupiditate qui sit. Provident omnis non autem eum. Numquam occaecati magni aperiam eligendi deserunt. Deserunt totam omnis sequi ut quisquam atque.', '2020-08-09 03:16:18.000', '2020-08-09 03:16:18.000');
INSERT INTO ngekos.kos (id_kos, id_user, alamat, lat, lng, judul, luas, harga, pintu, keterangan, created_at, updated_at) VALUES('6925c33ffdc85be0869c46b5edb43143', '5b124ac4c0e87369b41ffea5a8e4a574', 'Gg. Bagonwoto  No. 55, Kupang 67272, NTT', '-6.169905253038752', '106.82440210116597', 'Saung Repellendus tempora suscipit.', 16, 850000, 2, 'Minus nobis esse perspiciatis laboriosam et illum molestias. Quo error aut sint aut quis mollitia. Minus blanditiis vitae eligendi. Excepturi assumenda voluptates enim eum tempore iure. Ut cumque rerum velit. Consequatur consequatur dolor et dolorem. Possimus sapiente vero facilis ab. Eveniet omnis non recusandae qui repellendus. Odit aspernatur voluptatibus facilis. Eius doloribus et exercitationem culpa atque. Quam dolores hic expedita ratione et explicabo id earum. Deleniti eum cupiditate magnam voluptatem nam odio. Numquam laborum aliquid aut quam et consequatur. Harum dolorem rerum sunt facilis veritatis qui accusantium.', '2020-08-09 03:16:18.000', '2020-08-09 03:16:18.000');
INSERT INTO ngekos.kos (id_kos, id_user, alamat, lat, lng, judul, luas, harga, pintu, keterangan, created_at, updated_at) VALUES('69b898eaf2c6984bde178081d9ea5125', '5b124ac4c0e87369b41ffea5a8e4a574', 'Dk. Yos No. 421, Palangka Raya 99708, KalTeng', '-6.169905253038752', '106.82440210116597', 'Rusun Culpa sit.', 24, 450000, 4, 'Maiores magnam quaerat adipisci neque quis suscipit laborum voluptatibus. Consectetur quaerat inventore non. Distinctio sed minus exercitationem eos magni molestiae. Consequuntur velit dolor accusamus incidunt a eos quia. Ut unde excepturi aspernatur quia rem sit. Ut ut tenetur repudiandae in reprehenderit perspiciatis. Corrupti consequatur provident aut exercitationem deserunt et ex. Soluta iusto deleniti amet nihil minima ut dolores error. Fuga possimus incidunt aut officiis earum. Qui est dolorem autem dolorum qui dolores. Consequatur consequatur aut officiis quia.', '2020-08-09 03:16:18.000', '2020-08-09 03:16:18.000');
INSERT INTO ngekos.kos (id_kos, id_user, alamat, lat, lng, judul, luas, harga, pintu, keterangan, created_at, updated_at) VALUES('6cbdcb2c7307729d130f3ad4e5a41fb2', '2152b4c0aefcf7c4b4ba4562ef8a2f82', 'Gg. Kyai Gede No. 67, Bukittinggi 52517, KalTim', '-6.169905253038752', '106.82440210116597', 'Penginapan Ipsam atque.', 15, 400000, 5, 'Aspernatur explicabo vel accusantium ratione dignissimos dolorem animi nisi. Sit ipsum minima quo vero. Qui ea voluptatem temporibus eum illo ex praesentium. Et dolor totam et voluptates veritatis. Quas odit ratione officia et labore. Aliquam iure molestiae corporis optio. Ut aliquam totam qui sint reiciendis. Et voluptas natus sunt optio. Repellat eaque porro voluptatem rem sed. Est dolor sint reiciendis est error. Qui hic omnis inventore necessitatibus sint excepturi occaecati qui. Repellat vero quia ex ut. Repellat harum ut doloremque aspernatur id ad id. Voluptas suscipit et alias dolorem nihil. Necessitatibus est perferendis ipsam ut occaecati quis. In voluptatem odit nulla.', '2020-08-09 03:16:18.000', '2020-08-21 02:17:12.000');
INSERT INTO ngekos.kos (id_kos, id_user, alamat, lat, lng, judul, luas, harga, pintu, keterangan, created_at, updated_at) VALUES('6e05fff76153c5c8b260fe886c134bc1', '2c04e86dc2bd27646163abace55b7935', 'Kpg. Bah Jaya No. 59, Tanjungbalai 79152, SulUt', '-6.169905253038752', '106.82440210116597', 'Perumahan Voluptatum unde.', 21, 960000, 1, 'Nostrum voluptas adipisci nesciunt provident velit enim rem corporis. Dolor pariatur minus ducimus praesentium necessitatibus vitae odio. Voluptates similique modi fugit eligendi. Repudiandae blanditiis laborum sunt. Accusantium at ab animi maxime deserunt sit delectus. Voluptatem facere magnam rerum atque similique sint. Rerum officia velit repudiandae ut. Aliquam tempore et dicta eos similique repudiandae beatae. Ut odit voluptate nulla nesciunt est id sunt. Soluta quis minima eveniet qui voluptatem eaque qui. Excepturi est maiores facilis optio. Ut laboriosam repellat voluptates beatae voluptatem inventore. Ipsa tempore fuga possimus ut. Reiciendis molestias a facilis officiis nostrum sunt amet architecto.', '2020-08-09 03:16:18.000', '2020-08-09 03:16:18.000');
INSERT INTO ngekos.kos (id_kos, id_user, alamat, lat, lng, judul, luas, harga, pintu, keterangan, created_at, updated_at) VALUES('6e70c9777aa3b0c4af2e0bb42c889f0c', 'f1ba5d9ce081d91c359da8d32304436d', 'Gg. Baranang Siang Indah No. 701, Kediri 88633, KalUt', '-6.169905253038752', '106.82440210116597', 'Penginapan Distinctio sequi quo.', 12, 860000, 1, 'Non autem cupiditate amet quam labore. Tenetur blanditiis quidem dolores optio assumenda beatae saepe in. Praesentium ut illum assumenda modi omnis voluptatum dolores. Incidunt adipisci voluptatem debitis deleniti mollitia. Distinctio modi ab dolorum labore similique et. Recusandae qui accusantium dolores odit ea deleniti fuga. Qui qui reiciendis deleniti tenetur sint est aut. Distinctio debitis eum est officiis officia. Illum modi placeat eum. Sint iste dignissimos odit rerum repellendus. Distinctio dignissimos est ratione illo sed mollitia. Fugiat totam rem ex exercitationem voluptas sit cumque. Aliquam occaecati ut quisquam totam voluptas. Ipsam adipisci nulla cumque ea. Error soluta ut et enim minus quidem voluptas.', '2020-08-09 03:16:18.000', '2020-08-09 03:16:18.000');
INSERT INTO ngekos.kos (id_kos, id_user, alamat, lat, lng, judul, luas, harga, pintu, keterangan, created_at, updated_at) VALUES('74e86390d37012d0f25ecb87457b8dcb', '5b124ac4c0e87369b41ffea5a8e4a574', 'Psr. Basuki Rahmat  No. 410, Palopo 36948, Lampung', '-6.169905253038752', '106.82440210116597', 'Rumah Ut tempore.', 21, 570000, 5, 'Ex sunt saepe necessitatibus asperiores doloribus veniam. A minus rerum aut quod qui placeat. Ab ut est et incidunt neque ipsa quia. Nobis quod numquam magni minus tempore beatae aut. Ut dolores recusandae voluptatem necessitatibus deserunt beatae. Molestiae magni dolorem laboriosam debitis impedit inventore. Molestiae dolores aut quas earum aut et. Corporis accusamus amet amet vitae iure tempora. At voluptatem atque earum neque nam voluptatem. Sapiente accusamus veritatis suscipit sit aut voluptatem non inventore. Iste assumenda alias incidunt tempore qui. Modi corrupti asperiores sed ex deleniti voluptatem consectetur. Ab officia excepturi quasi occaecati cupiditate non illum. Eum quas illum quam inventore.', '2020-08-09 03:16:18.000', '2020-08-09 03:16:18.000');
INSERT INTO ngekos.kos (id_kos, id_user, alamat, lat, lng, judul, luas, harga, pintu, keterangan, created_at, updated_at) VALUES('758cce8fc2d0c1909e8cb6ee007fa0c6', '2152b4c0aefcf7c4b4ba4562ef8a2f82', 'Gg. Hasanuddin No. 405, Tangerang 68347, KepR', '-6.169905253038752', '106.82440210116597', 'Rumah susun Et voluptates eveniet.', 22, 360000, 1, 'Non consequatur quis quae modi quo enim voluptatum. Dolores numquam autem sunt rerum. Id ea dolorem autem consequuntur tempore voluptas et voluptatem. Sequi nihil repellat cumque magni rem quibusdam. Nostrum soluta ratione odio repellendus aliquid vitae ut tempore. Quia repudiandae vel incidunt tenetur ex. Dignissimos officia autem sequi ipsum esse est. Assumenda fugiat ut nobis. Sint non pariatur nihil qui quaerat. Voluptatem architecto perferendis minima molestiae voluptatem sed laboriosam. Molestiae optio earum id et dolorum. Eaque voluptatum sed temporibus. Nesciunt qui harum aut. Et molestiae molestias aut voluptatem ut quo illum. Voluptatem magnam voluptatum veniam culpa. Aliquid aliquam magni consequatur fuga maiores autem.', '2020-08-09 03:16:18.000', '2020-08-21 02:17:32.000');
INSERT INTO ngekos.kos (id_kos, id_user, alamat, lat, lng, judul, luas, harga, pintu, keterangan, created_at, updated_at) VALUES('778fabb398bdf7496c4d13593c280bfb', 'f1ba5d9ce081d91c359da8d32304436d', 'Gg. Kusmanto No. 593, Yogyakarta 56159, Bali', '-6.169905253038752', '106.82440210116597', 'Hotel Placeat natus.', 21, 390000, 1, 'Ipsa voluptatum quia et vel. Ea earum a ab accusamus est sint quia consequatur. Itaque tenetur maxime est. Ad delectus aperiam quia iusto. Quae sed deleniti et officiis. Magni et ex incidunt ullam velit in iste. Consequatur repellendus aliquam magnam rerum perspiciatis. Quibusdam voluptatibus voluptas quia. Ut at illo neque repudiandae modi quis deleniti. Enim eum corporis molestias velit. Autem blanditiis minima velit quae. Est deleniti illo eius enim quibusdam. Sapiente aliquid quos enim soluta sit. Eligendi in autem odit. Fugiat in accusamus accusantium. Et velit sunt in molestiae recusandae mollitia. Quae aliquid cum praesentium perferendis. Quo aut deserunt aspernatur voluptas et.', '2020-08-09 03:16:18.000', '2020-08-09 03:16:18.000');
INSERT INTO ngekos.kos (id_kos, id_user, alamat, lat, lng, judul, luas, harga, pintu, keterangan, created_at, updated_at) VALUES('7a675cc39c73d8b8829854ab507e0203', '2152b4c0aefcf7c4b4ba4562ef8a2f82', 'Dk. Baranang No. 549, Madiun 24732, DIY', '-6.169905253038752', '106.82440210116597', 'Apartemen Odit nihil.', 25, 700000, 1, 'Qui eum alias voluptatum. Id suscipit illum molestiae eos dolorem enim earum qui. Quo eligendi nesciunt ducimus iusto aliquam neque. Aut ipsa laudantium ea quia aliquid dolorem. Sint quaerat culpa dolorem. Odio asperiores qui sint ex aspernatur. Rerum nemo et sint et sit sapiente. Dicta illum dolore sed. Et quidem voluptate perspiciatis consectetur sit aspernatur quo dolorem. Est modi modi fugit. Qui soluta ipsum rerum dolorem magni. Omnis possimus minus laudantium repudiandae odit natus. Et culpa aut vitae pariatur non sed. Quibusdam fuga qui eum. Cumque quia sapiente consequatur impedit et. Enim alias voluptatem culpa nam minima nihil ipsa. Cumque et cumque quos quidem. Quo rerum adipisci veniam natus voluptatibus dicta.', '2020-08-09 03:16:18.000', '2020-08-21 02:18:19.000');
INSERT INTO ngekos.kos (id_kos, id_user, alamat, lat, lng, judul, luas, harga, pintu, keterangan, created_at, updated_at) VALUES('7d74508095b9cd27237a1f49ae690f43', '2c04e86dc2bd27646163abace55b7935', 'Jr. Thamrin No. 587, Subulussalam 95401, Bengkulu', '-6.169905253038752', '106.82440210116597', 'Sewa Aut libero officiis.', 11, 950000, 3, 'Sed consequatur doloribus tempora. Aut magni iusto ex consectetur. Dicta consequuntur sed qui velit doloribus aut vel. Repudiandae corporis nisi vel autem voluptatibus deserunt. Excepturi non sint voluptatum perspiciatis. Et quo sint sed. Ab architecto architecto qui in necessitatibus voluptatem. Tempora aut dolor sed ullam numquam fuga. Non veniam dolor provident quia laudantium nihil. Cupiditate sunt eum eos eius. A reprehenderit ipsa sunt. Magnam et quo quibusdam et aperiam nostrum recusandae. Omnis aut sapiente illo consectetur earum voluptatibus consequatur.', '2020-08-09 03:16:18.000', '2020-08-21 02:14:40.000');
INSERT INTO ngekos.kos (id_kos, id_user, alamat, lat, lng, judul, luas, harga, pintu, keterangan, created_at, updated_at) VALUES('80255aa9716d327b11f1803a923021ee', '2152b4c0aefcf7c4b4ba4562ef8a2f82', 'Ds. Setia Budi No. 349, Prabumulih 64116, Lampung', '-6.169905253038752', '106.82440210116597', 'Apartemen Neque dicta aperiam.', 16, 990000, 4, 'Reprehenderit sapiente velit iusto fugit. Illo sapiente quis minus et non voluptas. Velit magnam et aliquid et nemo provident tenetur libero. Voluptatem deleniti repellat repellendus velit perspiciatis. Cum beatae error iure voluptas doloremque. Qui cum voluptas nihil eos. Quia voluptas qui libero quo velit. Voluptates sunt ab minus sit quae quisquam. Rerum rem sint quam beatae ea. Soluta adipisci autem dolorem deleniti. Hic non aliquid sint. Consequatur et ut possimus ut. Est quisquam mollitia id rerum inventore a deserunt. Laboriosam beatae voluptas in et a ut itaque. At dolore et magnam expedita ut eum est soluta. Explicabo recusandae nemo dolores ducimus id aut. Voluptatibus repellat earum a in et iste.', '2020-08-09 03:16:18.000', '2020-08-21 02:18:40.000');
INSERT INTO ngekos.kos (id_kos, id_user, alamat, lat, lng, judul, luas, harga, pintu, keterangan, created_at, updated_at) VALUES('85dfab3b5c640d6ebb64fb549b411294', '3b1e33c839cf7c64f1c29d0d51cb1cc3', 'Ki. Asia Afrika No. 210, Bukittinggi 36990, NTB', '-6.169905253038752', '106.82440210116597', 'Sewa Omnis quaerat.', 14, 890000, 5, 'Unde est quidem quia nihil iure. Sint aut voluptate sint nobis sunt reiciendis voluptas itaque. Harum provident eaque optio corporis qui distinctio distinctio. Voluptas suscipit in explicabo qui nihil voluptas tempora. Enim aperiam iusto autem dicta. Alias dolorum aut quos nulla. Eos et labore ut esse odit et dolorem. Impedit itaque hic ex et optio sequi repellendus. Cupiditate consequatur molestias magni repellendus omnis eum. Dolores est a voluptas eum a debitis. Quis architecto eum vel. Vel libero dolorum et enim. Fugiat provident harum ex minus earum sunt nihil.', '2020-08-09 03:16:18.000', '2020-08-21 02:09:05.000');
INSERT INTO ngekos.kos (id_kos, id_user, alamat, lat, lng, judul, luas, harga, pintu, keterangan, created_at, updated_at) VALUES('8b4cefee6e0eb0dfdf0c061461332638', '5b124ac4c0e87369b41ffea5a8e4a574', 'Psr. Bara No. 589, Surabaya 56767, Riau', '-6.169905253038752', '106.82440210116597', 'Penginapan Voluptas minima ratione.', 19, 840000, 5, 'Quod veritatis et earum nisi. Expedita perferendis accusantium sint quis. Ullam quia veniam repellendus laudantium rerum quo. Ut minima voluptas et consequatur et fugiat necessitatibus voluptatum. Ipsa eum ipsum blanditiis sapiente rerum quis. Quis sed magnam ut mollitia. Enim ipsa laborum sapiente tempora fugit architecto. Repudiandae temporibus cupiditate voluptatem. Deserunt sint et fugiat sint. Voluptatum voluptas et autem voluptatum consequatur itaque beatae. Qui quis harum velit explicabo sed. Ut sunt minus nobis recusandae rerum. Voluptate voluptatibus aut laboriosam neque. Possimus voluptates repudiandae reiciendis. Nam id quod est et facere.', '2020-08-09 03:16:18.000', '2020-08-09 03:16:18.000');
INSERT INTO ngekos.kos (id_kos, id_user, alamat, lat, lng, judul, luas, harga, pintu, keterangan, created_at, updated_at) VALUES('8fe49b7c0a1b460da21cff69b4d433d9', '5b124ac4c0e87369b41ffea5a8e4a574', 'Kpg. HOS. Cjokroaminoto (Pasirkaliki) No. 810, Banjarmasin 27008, Gorontalo', '-6.169905253038752', '106.82440210116597', 'Perumahan Amet minima molestiae.', 19, 840000, 2, 'Ut consequatur hic non quibusdam temporibus veniam. Quo beatae eos ut tempora autem sequi consequatur nobis. Aut minus voluptates quis distinctio ut nesciunt deleniti. Quam dolorum similique necessitatibus et quasi. Esse quasi et et modi amet ut. Recusandae labore enim enim mollitia quod odio est rerum. Voluptas hic eligendi omnis deleniti odio. Quae numquam commodi harum nulla hic necessitatibus. Rerum accusantium nobis commodi eum voluptas vel veniam maiores. Officiis velit itaque dolorem quis esse quisquam voluptatem. Est aut labore autem tempora hic. Sint vel et ipsum. Voluptatem suscipit adipisci sunt in.', '2020-08-09 03:16:18.000', '2020-08-09 03:16:18.000');
INSERT INTO ngekos.kos (id_kos, id_user, alamat, lat, lng, judul, luas, harga, pintu, keterangan, created_at, updated_at) VALUES('9127ea3c17f5a96fb1227b0eac54881f', 'f1ba5d9ce081d91c359da8d32304436d', 'Dk. Kartini No. 931, Sukabumi 82648, SulUt', '-6.169905253038752', '106.82440210116597', 'Kos Corporis eum quia.', 15, 610000, 1, 'Molestiae ut qui ipsum illum. Iure vel accusamus totam. Est consequuntur ut et qui. Ut quibusdam qui et illo delectus. Perspiciatis ipsa deserunt reprehenderit deleniti. Aliquam voluptatum sit quas possimus. Tempore amet iure architecto atque non corporis. Totam consequatur quisquam sapiente dolores eligendi unde odit. Nulla odit quia expedita sunt. Occaecati laboriosam eius saepe eum ut. Optio non impedit sit voluptatem et excepturi minima et. Exercitationem soluta quod facere illo. Quos minima et enim voluptatem occaecati corporis. Nihil molestiae voluptatibus rerum et. Assumenda vitae esse est dolor vel sunt tempore. Quia vel sit rem at recusandae. Ut reiciendis deserunt nulla corporis qui.', '2020-08-09 03:16:18.000', '2020-08-09 03:16:18.000');
INSERT INTO ngekos.kos (id_kos, id_user, alamat, lat, lng, judul, luas, harga, pintu, keterangan, created_at, updated_at) VALUES('9a0fd264f9fb984f58953fcb86ec68b3', 'f1ba5d9ce081d91c359da8d32304436d', 'Jr. Dahlia No. 20, Kupang 72099, KalBar', '-6.169905253038752', '106.82440210116597', 'Penginapan Quaerat et sunt.', 23, 980000, 3, 'Ut ut enim laudantium qui modi sint tenetur. Et eius ea rerum expedita nisi quod. Aut sed dolorum in perferendis. Aut magni omnis sed excepturi. Recusandae eligendi amet ut illo veniam. Voluptas error dolores neque iure doloremque voluptas adipisci. Minus sed sunt in tempore commodi repudiandae. Asperiores fugiat ut magni et facilis dolor. Dignissimos possimus voluptas neque dolor qui soluta rerum. Et asperiores omnis hic. Repellendus quos sint eum et ratione. Odit enim occaecati et quia sunt. Numquam et placeat delectus labore nostrum doloremque. Ipsam sunt omnis iste quia. Laboriosam ipsum et eos qui quae quis dignissimos in. Tempore dolorem nesciunt nihil culpa.', '2020-08-09 03:16:18.000', '2020-08-09 03:16:18.000');
INSERT INTO ngekos.kos (id_kos, id_user, alamat, lat, lng, judul, luas, harga, pintu, keterangan, created_at, updated_at) VALUES('a10a603eb7c859fbd02e068101526bae', '3b1e33c839cf7c64f1c29d0d51cb1cc3', 'Gg. Cokroaminoto No. 471, Gorontalo 82460, JaTim', '-6.169905253038752', '106.82440210116597', 'Saung Sed expedita.', 19, 430000, 1, 'Exercitationem saepe qui est porro nesciunt. Ut qui corrupti aut reprehenderit et voluptatum. Atque voluptatem quos repellat. Modi molestiae error eius earum accusantium quia. Voluptatem unde magnam voluptatem impedit et odit tempora. Voluptas dolore amet qui non maxime sit. Fugiat ab officia aut necessitatibus magnam laboriosam. Rerum placeat sequi quia magni ex quas. Et ut culpa atque assumenda dolorem nulla. Non deserunt deserunt error. Voluptas aperiam magni rerum expedita quia. Impedit sed nihil error iste minima illo consequuntur. Corrupti magni laudantium aspernatur quae rem illum. Voluptatum sed consequatur culpa dicta molestiae suscipit. Voluptas consequuntur sint consectetur ducimus odio quas.', '2020-08-09 03:16:18.000', '2020-08-09 03:16:18.000');
INSERT INTO ngekos.kos (id_kos, id_user, alamat, lat, lng, judul, luas, harga, pintu, keterangan, created_at, updated_at) VALUES('a2eb576e572e648d719fde977c0438f2', '2152b4c0aefcf7c4b4ba4562ef8a2f82', 'Jln. Batako No. 720, Administrasi Jakarta Timur 72191, SumSel', '-6.169905253038752', '106.82440210116597', 'Sewa Ab ipsam voluptas.', 11, 750000, 4, 'Voluptate ut vel veritatis autem. Sed alias hic eius doloremque. Minus dolorem enim consectetur quis sapiente dolores. Voluptatum nemo inventore autem. Consequatur explicabo et earum rerum officia. Fuga ab voluptate qui ea rem. Qui nemo et expedita placeat repellat sequi. Ratione suscipit maxime minima neque sit quia maxime. Officiis est dolore adipisci. Et non modi occaecati in nulla. Ullam ut facilis mollitia iure. Quas exercitationem minima ea nobis iure exercitationem. Et non voluptas labore occaecati cupiditate. Et iusto reprehenderit eum ut. Ut modi ducimus id dolores minus omnis ratione. Adipisci minus occaecati voluptatem quisquam quibusdam qui labore. Officiis omnis reprehenderit aut quis qui.', '2020-08-09 03:16:18.000', '2020-08-21 02:21:46.000');
INSERT INTO ngekos.kos (id_kos, id_user, alamat, lat, lng, judul, luas, harga, pintu, keterangan, created_at, updated_at) VALUES('ac144180b19d05a01d107001a9e57ebc', '5b124ac4c0e87369b41ffea5a8e4a574', 'Kpg. Gambang No. 552, Cimahi 94238, KalUt', '-6.169905253038752', '106.82440210116597', 'Sewa Dolores quos sint.', 12, 750000, 1, 'Natus reiciendis tempora alias eos. Natus qui molestiae ea quis quas. Ea earum dolores cum dolores odio natus temporibus. Quidem dolorem accusantium ut consequatur. Facilis eos aut sapiente sapiente ipsam aut numquam beatae. Ut possimus aperiam vel nemo quisquam qui dolorem veritatis. Repellendus laborum sit aut sit veritatis tempore ex fuga. Beatae sint asperiores ut ut odit quos. Asperiores facere quo delectus et exercitationem ab incidunt. Qui in ipsam quibusdam cumque. Qui temporibus blanditiis fugiat a. Rem rerum et illo tenetur quod iusto. Dolore rerum ipsum iusto error. Omnis voluptate inventore in.', '2020-08-09 03:16:18.000', '2020-08-09 03:16:18.000');
INSERT INTO ngekos.kos (id_kos, id_user, alamat, lat, lng, judul, luas, harga, pintu, keterangan, created_at, updated_at) VALUES('b1a383d5c79056f57afde92f321e6f54', '2c04e86dc2bd27646163abace55b7935', 'Ds. Cokroaminoto No. 230, Subulussalam 94715, Maluku', '-6.169905253038752', '106.82440210116597', 'Home stay Ratione aliquid.', 22, 440000, 2, 'Temporibus aliquam dolor non omnis. Quasi nemo eos et saepe deserunt repellendus soluta. Eos sed error itaque inventore quos. Aperiam facere et consequatur error occaecati consequatur. Ipsa itaque commodi aliquid fugit aut ullam explicabo. Enim et assumenda sit aut. Debitis dolore a dicta assumenda omnis autem quo. Aut non dolores debitis. Vitae porro doloribus porro quis. Et quis ut et. Quis enim sint illum dolores. Atque quisquam eos fugiat iusto aut corrupti eius. Neque ut ex autem. Et rerum aut sit sed distinctio tenetur facilis. Aut ipsam ea similique laboriosam. Velit labore quis praesentium eum tempore. Necessitatibus est temporibus in non odit cupiditate nulla. Alias accusantium dolor a officia. Vitae ut et aut sapiente.', '2020-08-09 03:16:18.000', '2020-08-09 03:16:18.000');
INSERT INTO ngekos.kos (id_kos, id_user, alamat, lat, lng, judul, luas, harga, pintu, keterangan, created_at, updated_at) VALUES('bc6adb2e8038e0be6243fef562a7cd66', '2152b4c0aefcf7c4b4ba4562ef8a2f82', 'Jln. Baan No. 27, Sukabumi 20734, BaBel', '-6.169905253038752', '106.82440210116597', 'Rumah susun Enim ut.', 20, 890000, 1, 'Fugiat harum eligendi quaerat nemo. Aut rem eaque quae eveniet nostrum consequuntur necessitatibus possimus. Quisquam illum expedita sit nihil accusantium sit nam. Consequatur illum fuga sit magni ut eius laboriosam laboriosam. Enim ducimus quas inventore rerum deserunt. Ratione magni ut assumenda ut occaecati sunt. Deserunt ut accusantium labore amet quo. Aperiam consequatur voluptate eveniet aperiam quod eaque accusantium. Non voluptas iure optio nostrum optio consectetur. Rem facere dolorem sint nam et laudantium. Quo magnam impedit cupiditate voluptatibus consectetur consequatur velit. Sit esse ratione rerum et ut. Ullam voluptatem ipsam possimus et eaque illum. Nostrum totam excepturi itaque ullam dolores.', '2020-08-09 03:16:18.000', '2020-08-09 03:16:18.000');
INSERT INTO ngekos.kos (id_kos, id_user, alamat, lat, lng, judul, luas, harga, pintu, keterangan, created_at, updated_at) VALUES('bf2f08a8651d2dfc6bdd8c8e06918f3c', 'f1ba5d9ce081d91c359da8d32304436d', 'Ds. Daan No. 799, Padangsidempuan 96225, SulTeng', '-6.169905253038752', '106.82440210116597', 'Rusun Amet deserunt voluptatem.', 16, 690000, 5, 'Quidem nemo omnis aliquam. Ut voluptates voluptatem qui id. Maiores eius qui qui voluptate porro natus reprehenderit. Dolorum sed voluptatum id natus qui est voluptatem. Enim et cum nisi et dignissimos sed autem. Voluptates dolor possimus aspernatur esse. Expedita omnis sapiente distinctio. Ipsa quibusdam et non consequatur eum doloribus non. Et consectetur perferendis rerum sit et. Ullam laudantium atque aut voluptatibus magnam aut. Dolor praesentium rerum est recusandae maxime exercitationem. Eum maxime nulla eum minima enim eveniet. Ut voluptatem veniam impedit sit repellendus esse. Fugiat et iste est laboriosam nihil ut animi dolor. Velit officiis distinctio vel ut. Natus ut non est dolorem.', '2020-08-09 03:16:18.000', '2020-08-09 03:16:18.000');
INSERT INTO ngekos.kos (id_kos, id_user, alamat, lat, lng, judul, luas, harga, pintu, keterangan, created_at, updated_at) VALUES('c2a510d3e65b50f3b4ca5fe2ab361e54', '3b1e33c839cf7c64f1c29d0d51cb1cc3', 'kontrakan pasar jl.flamboyan 1 no 120', '-6.1684993493850175', '106.82772241638668', 'Kontrakan Pasar Lama', 7, 500000, 2, 'Lokasi pinggir jalan coco  untuk buka usaha Voluptatum nemo inventore autem. Consequatur explicabo et earum rerum officia. Fuga ab voluptate qui ea rem. Qui nemo et expedita placeat repellat sequi. Ratione suscipit maxime minima neque sit quia maxime. Officiis est dolore adipisci. Et non modi occaecati in nulla. Ullam ut facilis mollitia iure. Quas exercitationem minima ea nobis iure exercitationem. Et non voluptas labore occaecati cupiditate. Et iusto reprehenderit eum ut. Ut modi ducimus id dolores minus omnis ratione. Adipisci minus occaecati voluptatem quisquam quibusdam qui labore. Officiis omnis reprehenderit aut quis qui.', '2020-08-21 02:24:52.000', '2020-08-21 02:24:52.000');
INSERT INTO ngekos.kos (id_kos, id_user, alamat, lat, lng, judul, luas, harga, pintu, keterangan, created_at, updated_at) VALUES('cd85147f5ce2c6234ec936f7c92a5aba', '5b124ac4c0e87369b41ffea5a8e4a574', 'Dk. Krakatau No. 526, Pangkal Pinang 53520, Riau', '-6.169905253038752', '106.82440210116597', 'Perumahan Ratione in recusandae.', 12, 660000, 2, 'Sed corporis consectetur consectetur libero. Et et qui soluta. Sed nobis assumenda ipsa sit voluptas. Consequuntur alias error distinctio distinctio quod ut exercitationem. Nam est delectus maiores architecto perferendis sequi. Delectus distinctio quisquam tenetur dolores. Dolore a mollitia repudiandae et provident. Incidunt dolorum sed rerum enim odio. Iusto sunt ducimus aspernatur veritatis dolor. Ut accusamus blanditiis at maxime similique. Autem quia quas architecto consectetur. Quidem ad saepe tempora odit et repellat sapiente reiciendis.', '2020-08-09 03:16:18.000', '2020-08-09 03:16:18.000');
INSERT INTO ngekos.kos (id_kos, id_user, alamat, lat, lng, judul, luas, harga, pintu, keterangan, created_at, updated_at) VALUES('d5ee809d7f51392fb75699adfb099590', '2c04e86dc2bd27646163abace55b7935', 'Jln. Batako No. 268, Administrasi Jakarta Selatan 49502, Banten', '-6.169905253038752', '106.82440210116597', 'Home stay Quo nobis.', 16, 660000, 5, 'Sed qui quo beatae veniam in tempore quam. Perferendis molestiae eligendi consectetur excepturi sed expedita minus. Molestias cumque tenetur enim omnis. Provident accusantium culpa ipsam in commodi animi est. Perferendis et qui pariatur molestiae. Est enim praesentium dolor. Nisi et autem corporis ad repellat a omnis. Ex repellat est cum ad enim dolores molestiae nostrum. Consequuntur nulla cum dolore unde. Amet et quisquam provident aut necessitatibus amet consequatur. Aliquam distinctio dolor vero magnam recusandae. Tempora quam dolorum perspiciatis maiores soluta commodi. Dolor atque praesentium sint deserunt quisquam consectetur autem.', '2020-08-09 03:16:18.000', '2020-08-09 03:16:18.000');
INSERT INTO ngekos.kos (id_kos, id_user, alamat, lat, lng, judul, luas, harga, pintu, keterangan, created_at, updated_at) VALUES('d7f349083e760df02b86dad4dbd18ca1', '5b124ac4c0e87369b41ffea5a8e4a574', 'Ki. Gardujati No. 404, Pariaman 53491, SulUt', '-6.169905253038752', '106.82440210116597', 'Kos Facere commodi.', 19, 850000, 3, 'Est dignissimos laborum omnis non quasi ut inventore. Saepe voluptatem porro minima cupiditate dolorem rerum aut corrupti. Dolore velit tempore qui culpa corrupti dolores quisquam. Pariatur vitae quo ut at magni praesentium cupiditate. Illum sed omnis iure sunt. Laudantium dolore dolorum autem exercitationem commodi. Et omnis iste non ut magnam molestias architecto. Sint reprehenderit illo error non a. Aperiam blanditiis iusto totam aut quam. Earum dolor voluptate voluptatem. Laborum occaecati quod est soluta. Consequatur qui est vel aliquid ratione repellendus et tenetur. Vero omnis enim non molestias temporibus et omnis. Quo beatae fugiat quia doloremque dolor quas a voluptas. Debitis ducimus magni voluptates qui sint nulla quae quo.', '2020-08-09 03:16:18.000', '2020-08-09 03:16:18.000');
INSERT INTO ngekos.kos (id_kos, id_user, alamat, lat, lng, judul, luas, harga, pintu, keterangan, created_at, updated_at) VALUES('dcff4cfbe825d0828ce5c7270a1dfb2f', '2c04e86dc2bd27646163abace55b7935', 'Dk. Basket No. 130, Padangsidempuan 44548, Bali', '-6.169905253038752', '106.82440210116597', 'Perumahan Reiciendis quo.', 18, 370000, 4, 'Dolores et nam voluptas repellat aliquam voluptas. Eligendi repellendus maxime perferendis. Quibusdam qui et earum minus saepe consectetur libero. Asperiores aut est dolore dolorem accusamus excepturi qui. Voluptatem voluptatibus laborum corporis delectus quasi. Porro et veniam et eum aut nostrum doloremque. Qui iste voluptatem dolores nisi. Cum qui modi maiores voluptatem ut quo qui dignissimos. Impedit autem ut aut sit et dolorum. Quaerat ipsa autem quia. Molestias veniam reprehenderit similique amet qui natus esse. Voluptatem eveniet sed magnam quae. Autem iusto ut qui in. Magni dolores corporis eos ipsa totam atque blanditiis.', '2020-08-09 03:16:18.000', '2020-08-09 03:16:18.000');
INSERT INTO ngekos.kos (id_kos, id_user, alamat, lat, lng, judul, luas, harga, pintu, keterangan, created_at, updated_at) VALUES('e0577f9e5c1ec1fa973d7838f4400495', '2152b4c0aefcf7c4b4ba4562ef8a2f82', 'Dk. Mahakam No. 274, Banjarmasin 38103, SumUt', '-6.169905253038752', '106.82440210116597', 'Apartemen Aut fuga excepturi.', 23, 810000, 4, 'Nam libero modi nesciunt dolor sapiente distinctio ut eius. Molestias reprehenderit aut ex. Animi quis exercitationem expedita quia nostrum et voluptate. Quia in veniam quia ducimus quisquam rerum ipsum. Nemo voluptatum cupiditate omnis non perspiciatis. Magnam velit aperiam dolor dolores laboriosam id. Sed omnis qui nulla labore consequatur blanditiis unde. Et ut impedit officiis veniam voluptas ex sint. Ea adipisci alias quo molestias. Assumenda officia laboriosam tempora repellat nostrum ea rerum. Labore a ea rerum nisi. Molestiae et iusto sint provident architecto. Sint aut enim eaque. Error quisquam ut quas ratione. Sunt quasi optio minus ut. Pariatur reprehenderit libero officiis quia.', '2020-08-09 03:16:18.000', '2020-08-09 03:16:18.000');
INSERT INTO ngekos.kos (id_kos, id_user, alamat, lat, lng, judul, luas, harga, pintu, keterangan, created_at, updated_at) VALUES('e748c9ea279a53c3d98480081edf2383', '2c04e86dc2bd27646163abace55b7935', 'Ki. Bakti No. 100, Payakumbuh 67353, DIY', '-6.169905253038752', '106.82440210116597', 'Saung Suscipit facere.', 15, 490000, 2, 'Fugiat incidunt ea sed eius consequatur. Laborum cumque nemo et distinctio. Quod asperiores provident sed. Qui aliquid aut optio aut. Veritatis voluptatum dolorum cum minima. Accusantium totam quae est quo quos labore harum. Distinctio est quos ut expedita ipsa et temporibus voluptatibus. Fugit quos nam molestias qui. Sed deserunt deserunt expedita porro aspernatur. Et sit illo voluptatum. Omnis cum ratione illum quia est. Veniam velit rerum deleniti assumenda aliquam officiis eaque. Dolorem ipsam dicta quia exercitationem beatae ut. Id hic facilis et aut aut autem. Delectus reiciendis esse similique necessitatibus non sed. Voluptatem qui corporis culpa odio.', '2020-08-09 03:16:18.000', '2020-08-09 03:16:18.000');
INSERT INTO ngekos.kos (id_kos, id_user, alamat, lat, lng, judul, luas, harga, pintu, keterangan, created_at, updated_at) VALUES('ed8393cfe1023ef0971c648624c169ed', '5b124ac4c0e87369b41ffea5a8e4a574', 'Psr. Basoka No. 183, Lubuklinggau 98160, JaTeng', '-6.169905253038752', '106.82440210116597', 'Kos Eaque necessitatibus.', 24, 550000, 4, 'Qui et et soluta quas. Debitis qui velit voluptates autem et. Reprehenderit enim ea dolorum unde velit. Commodi voluptatem commodi iusto debitis. Aspernatur placeat eligendi et qui pariatur aut. Aperiam qui assumenda delectus in totam rerum est nemo. Ducimus ab et id nihil autem. Itaque veniam dolorem molestias eum reiciendis. Et asperiores explicabo rerum fugit qui sunt dicta. Voluptate natus quas veniam repellendus quod qui alias. Temporibus repellendus beatae aliquam eos enim et nesciunt. Temporibus molestias dicta molestiae est asperiores. Voluptatem ad perferendis eligendi doloremque veritatis quas suscipit omnis. Ratione quia ipsam natus aperiam est quam quia.', '2020-08-09 03:16:18.000', '2020-08-09 03:16:18.000');
INSERT INTO ngekos.kos (id_kos, id_user, alamat, lat, lng, judul, luas, harga, pintu, keterangan, created_at, updated_at) VALUES('f498d3baf3086210ff84658f82e8f811', '5b124ac4c0e87369b41ffea5a8e4a574', 'Psr. Lembong No. 40, Payakumbuh 72128, Riau', '-6.169905253038752', '106.82440210116597', 'Perumahan Id sit voluptatem.', 10, 470000, 3, 'Dolor est et et. In voluptatum voluptatem voluptatum repudiandae. Veniam quisquam saepe voluptate excepturi eum laboriosam libero. Quos nesciunt recusandae deserunt ipsam amet. Voluptas vel vitae eum iste quasi aperiam reprehenderit. Soluta quas ea rerum voluptas. Nobis voluptatibus voluptatibus consequatur et tenetur. Culpa iure consequuntur magni architecto et quos quas. Sit repellat repudiandae excepturi sit debitis veniam. Voluptas provident velit numquam ea optio itaque. Incidunt at beatae dicta vitae sit. Dolor corrupti nemo sapiente omnis non aperiam. Fugiat quaerat consequatur exercitationem velit. Corporis ad voluptatibus voluptates sapiente temporibus. Beatae sunt deleniti voluptas alias est.', '2020-08-09 03:16:18.000', '2020-08-09 03:16:18.000');
INSERT INTO ngekos.kos (id_kos, id_user, alamat, lat, lng, judul, luas, harga, pintu, keterangan, created_at, updated_at) VALUES('f5243b338e5a2a8e7faaac9cfdfd3f36', 'f1ba5d9ce081d91c359da8d32304436d', 'Dk. Wahid Hasyim No. 899, Kendari 29399, MalUt', '-6.169905253038752', '106.82440210116597', 'Rumah susun Deleniti ut sapiente.', 21, 730000, 1, 'Provident ipsa dolor quos at unde. Sit non ut rerum doloribus ea et aut voluptas. Quasi odit adipisci perferendis quaerat eos mollitia. Quibusdam magni fugiat officia sit necessitatibus aut necessitatibus. Et praesentium ut dolor aut provident. Eum numquam aut dolor saepe. Qui numquam ut quas minima qui quo. Praesentium nesciunt rerum aut qui rerum dolores neque. Vel ipsum totam quia exercitationem aut tenetur. Ut accusamus ut aut quo eum omnis. Ullam itaque eius aut est totam sint ipsa quibusdam. Aut ut maiores eum. Ratione delectus ullam quasi et ut quia sed omnis. Voluptatum ea doloremque aspernatur aut.', '2020-08-09 03:16:18.000', '2020-08-09 03:16:18.000');
INSERT INTO ngekos.kos (id_kos, id_user, alamat, lat, lng, judul, luas, harga, pintu, keterangan, created_at, updated_at) VALUES('f6d60433190a50a18319c61daca58249', '5b124ac4c0e87369b41ffea5a8e4a574', 'Jr. Achmad No. 755, Jambi 80872, JaTeng', '-6.169905253038752', '106.82440210116597', 'Kos A quis.', 24, 370000, 2, 'Et sit quod inventore rem repellendus doloribus. Aut eos blanditiis beatae et perspiciatis earum itaque. Necessitatibus quia sit nostrum voluptatem deserunt consequatur vel. Laboriosam qui omnis aut sit laborum soluta labore reprehenderit. Dolor commodi ipsa voluptas vel tempora magni. Delectus perspiciatis natus molestiae dolores eaque cum vitae voluptas. Natus consequatur alias aut. Ad adipisci voluptas blanditiis sed molestias sit beatae. Ab qui architecto perspiciatis eaque. Nesciunt quaerat saepe praesentium fugiat rerum omnis odit quae. Incidunt dignissimos odit sit velit soluta et. Fugiat reiciendis sunt dolorum autem.', '2020-08-09 03:16:18.000', '2020-08-09 03:16:18.000');
INSERT INTO ngekos.kos (id_kos, id_user, alamat, lat, lng, judul, luas, harga, pintu, keterangan, created_at, updated_at) VALUES('f7dee17f7d53843956e485d2c8905afc', '3b1e33c839cf7c64f1c29d0d51cb1cc3', 'Jr. Pattimura No. 356, Dumai 60990, BaBel', '-6.169905253038752', '106.82440210116597', 'Home stay Ex eaque ut.', 15, 780000, 4, 'Non illum et odio incidunt velit. Fugit culpa necessitatibus voluptatem voluptatem dolores illo. Ea corporis voluptates nihil magnam dolorem. Esse et rem eveniet voluptatem laboriosam dignissimos. Repudiandae autem sequi mollitia modi ut animi laboriosam. Nostrum est facilis nobis architecto necessitatibus nihil ut. Molestiae quo quas nam est qui ad. Necessitatibus repellendus unde nisi quo perferendis laboriosam debitis sed. Quae reiciendis quaerat aut eum corrupti consequuntur non. Minima ipsum delectus quo magni incidunt numquam hic provident. Et impedit omnis eos in eaque. Eum aspernatur voluptas quibusdam deserunt. Itaque corporis blanditiis magni provident.', '2020-08-09 03:16:18.000', '2020-08-09 03:16:18.000');

INSERT INTO ngekos.kostersewa (id_kostersewa, id_user, id_kos, penghuni, keterangan, created_at, updated_at) VALUES('2ab60bb2df625ea48709d6bfd6eea6e7', 'f1ba5d9ce081d91c359da8d32304436d', '85dfab3b5c640d6ebb64fb549b411294', 3, 'Untuk cewek ya..!', '2020-08-09 03:58:27.000', '2020-08-09 03:58:27.000');

INSERT INTO ngekos.status_pengajuan (id_pengajuan, id_user_pemilik, id_user_pengaju, id_kos, status_pengajuan, keterangan, created_at, updated_at) VALUES('e08bb4e49f314c555ab0e1ac0922077d', '3b1e33c839cf7c64f1c29d0d51cb1cc3', 'f1ba5d9ce081d91c359da8d32304436d', '85dfab3b5c640d6ebb64fb549b411294', 1, 'Untuk cewek ya..!', '2020-08-09 03:58:27.000', '2020-08-09 03:58:27.000');

